Date of Race,Time,Track,Horse,Distance,Place,Industry SP,Betfair SP,Predicted_Win_Probability,Race_ID,Predicted_Rank,Top_3_Flag,Odds_To_Use,Expected_Value,Field_Size,Kelly_Fraction,Reject_Reason,Winrate_Threshold,Bet_Placed,Stake,Actual_Result,Bet_Return,Bankroll_After_Race,Max_Bankroll,Drawdown,R_Multiple
2023-01-01,13:50:00,CATTERICK,Git Maker,3m1f,1.0,1.62,1.78,0.4117454385492869,2023-01-01_13:50:00,1.0,True,1.62,-0.3329723895501552,4,-0.5370522412099276,kelly_low|ev_low|,0,False,0.0,1,0.0,9851.030021056506,9851.030021056506,0.0,0.0
2023-01-01,13:50:00,CATTERICK,Bardenstown Lad,3m1f,3.0,3.0,3.49,0.30035212862211963,2023-01-01_13:50:00,2.0,True,3.0,-0.09894361413364117,4,-0.04947180706682058,kelly_low|ev_low|,0,False,0.0,0,0.0,9851.030021056506,9851.030021056506,0.0,0.0
2023-01-01,13:50:00,CATTERICK,Tupelo Mississippi,3m1f,2.0,9.0,9.88,0.24352887017199532,2023-01-01_13:50:00,3.0,True,9.0,1.1917598315479578,4,0.14896997894349473,,0,True,148.96997894349474,0,-148.96997894349474,9851.030021056506,9851.030021056506,0.0,-1.0
2023-01-01,14:25:00,CATTERICK,Matchless,1m7½f,1.0,2.38,2.5,0.2723202960602949,2023-01-01_14:25:00,2.0,True,2.38,-0.3518776953764982,6,-0.25498383722934653,kelly_low|ev_low|,0,False,0.0,1,0.0,9812.04554018908,9851.030021056506,38.9844808674261,0.0
2023-01-01,14:25:00,CATTERICK,Whitehaven,1m7½f,3.0,3.0,3.15,0.3123117164817657,2023-01-01_14:25:00,1.0,True,3.0,-0.0630648505547029,6,-0.03153242527735145,kelly_low|ev_low|,0,False,0.0,0,0.0,9812.04554018908,9851.030021056506,38.9844808674261,0.0
2023-01-01,14:25:00,CATTERICK,Legendary Day,1m7½f,2.0,4.33,5.4,0.26138140174668073,2023-01-01_14:25:00,3.0,True,4.33,0.13178146956312753,6,0.03957401488382208,,0,True,38.98448086742683,0,-38.98448086742683,9812.04554018908,9851.030021056506,38.9844808674261,-1.0
2023-01-12,12:30:00,CATTERICK,Broomfield Present,3m1½f,2.0,1.83,2.02,0.3926418180597118,2023-01-12_12:30:00,1.0,True,1.83,-0.2814654729507274,5,-0.3391150276514787,kelly_low|ev_low|,0,False,0.0,0,0.0,9715.851222944,9851.030021056506,135.17879811250532,0.0
2023-01-12,12:30:00,CATTERICK,Captain Westie,3m1½f,1.0,3.0,3.0,0.2961017431969459,2023-01-12_12:30:00,2.0,True,3.0,-0.11169477040916231,5,-0.05584738520458116,kelly_low|ev_low|,0,False,0.0,1,0.0,9715.851222944,9851.030021056506,135.17879811250532,0.0
2023-01-12,12:30:00,CATTERICK,No But I Will,3m1½f,3.0,6.5,8.37,0.23680050947126835,2023-01-12_12:30:00,3.0,True,6.5,0.5392033115632444,5,0.09803696573877171,,0,True,96.19431724507847,0,-96.19431724507847,9715.851222944,9851.030021056506,135.17879811250532,-1.0
2023-01-12,14:15:00,CATTERICK,Copshill Lad,2m3½f,4.0,2.25,2.52,0.3009357664098092,2023-01-12_14:15:00,2.0,True,2.25,-0.3228945255779294,6,-0.2583156204623435,kelly_low|ev_low|,0,False,0.0,0,0.0,9671.229713188985,9851.030021056506,179.80030786752104,0.0
2023-01-12,14:15:00,CATTERICK,General Officer,2m3½f,2.0,2.63,2.81,0.30656055714526986,2023-01-12_14:15:00,1.0,True,2.63,-0.19374573470794032,6,-0.11886241393125174,kelly_low|ev_low|,0,False,0.0,0,0.0,9671.229713188985,9851.030021056506,179.80030786752104,0.0
2023-01-12,14:15:00,CATTERICK,Bingoo,2m3½f,3.0,5.5,7.07,0.2193944138370102,2023-01-12_14:15:00,3.0,True,5.5,0.20666927610355612,6,0.045926505800790246,,0,True,44.62150975501527,0,-44.62150975501527,9671.229713188985,9851.030021056506,179.80030786752104,-1.0
2023-01-12,14:50:00,CATTERICK,Bushypark,3m6f,1.0,3.0,2.36,0.27554417362612293,2023-01-12_14:50:00,1.0,True,3.0,-0.1733674791216312,6,-0.0866837395608156,kelly_low|ev_low|,0,False,0.0,1,0.0,9627.14534837441,9851.030021056506,223.8846726820957,0.0
2023-01-12,14:50:00,CATTERICK,Eclair De Guye,3m6f,2.0,4.33,4.15,0.2660026292229676,2023-01-12_14:50:00,2.0,True,4.33,0.1517913845354496,6,0.045582998358993876,,0,True,44.084364814574634,0,-44.084364814574634,9627.14534837441,9851.030021056506,223.8846726820957,-1.0
2023-01-12,14:50:00,CATTERICK,Sams Adventure,3m6f,3.0,4.5,4.27,0.21984214265960447,2023-01-12_14:50:00,3.0,True,4.5,-0.010710358031779887,6,-0.0030601022947942536,kelly_low|ev_low|,0,False,0.0,0,0.0,9627.14534837441,9851.030021056506,223.8846726820957,0.0
2023-01-12,15:55:00,CATTERICK,El Muchacho,1m7½f,1.0,1.83,1.89,0.35209206674309773,2023-01-12_15:55:00,1.0,True,1.83,-0.35567151786013107,6,-0.42851990103630244,kelly_low|ev_low|,0,False,0.0,1,0.0,9558.992224906053,9851.030021056506,292.0377961504528,0.0
2023-01-12,15:55:00,CATTERICK,Prairie Wolf,1m7½f,2.0,3.5,3.45,0.29378804797882413,2023-01-12_15:55:00,2.0,True,3.5,0.028258167925884536,6,0.011303267170353815,,0,True,10.881819596050493,0,-10.881819596050493,9558.992224906053,9851.030021056506,292.0377961504528,-1.0
2023-01-12,15:55:00,CATTERICK,Moonlight Spirit,1m7½f,,11.0,13.0,0.14499035780394204,2023-01-12_15:55:00,3.0,True,11.0,0.5948939358433623,6,0.05948939358433623,,0,True,57.2713038723057,0,-57.2713038723057,9558.992224906053,9851.030021056506,292.0377961504528,-1.0
2023-01-25,15:45:00,CATTERICK,Git Maker,3m1f,1.0,1.73,1.85,0.3549945781301493,2023-01-25_15:45:00,1.0,True,1.73,-0.3858593798348417,4,-0.5285744929244407,kelly_low|ev_low|,0,False,0.0,1,0.0,9481.400703239855,9851.030021056506,369.62931781665066,0.0
2023-01-25,15:45:00,CATTERICK,Conquredalofeurope,3m1f,2.0,3.5,3.71,0.292754947189826,2023-01-25_15:45:00,2.0,True,3.5,0.02464231516439097,4,0.009856926065756388,,0,True,9.422227962403912,0,-9.422227962403912,9481.400703239855,9851.030021056506,369.62931781665066,-1.0
2023-01-25,15:45:00,CATTERICK,Tupelo Mississippi,3m1f,3.0,6.5,7.1,0.2141890317352748,2023-01-25_15:45:00,3.0,True,6.5,0.3922287062792862,4,0.07131431023259749,,0,True,68.16929370379376,0,-68.16929370379376,9481.400703239855,9851.030021056506,369.62931781665066,-1.0
2023-02-03,14:40:00,CATTERICK,Pretending,1m7½f,2.0,1.73,1.73,0.33984433338868,2023-02-03_14:40:00,1.0,True,1.73,-0.4120693032375836,6,-0.564478497585731,kelly_low|ev_low|,0,False,0.0,0,0.0,9386.766507877936,9851.030021056506,464.26351317857007,0.0
2023-02-03,14:40:00,CATTERICK,Vision Of Hope,1m7½f,5.0,4.33,5.71,0.2703049167162678,2023-02-03_14:40:00,2.0,True,4.33,0.1704202893814395,6,0.05117726407851036,,0,True,48.523214762387994,0,-48.523214762387994,9386.766507877936,9851.030021056506,464.26351317857007,-1.0
2023-02-03,14:40:00,CATTERICK,Never No Trouble,1m7½f,3.0,5.5,5.9,0.22160889115101262,2023-02-03_14:40:00,3.0,True,5.5,0.21884890133056933,6,0.04863308918457096,,0,True,46.11098059953177,0,-46.11098059953177,9386.766507877936,9851.030021056506,464.26351317857007,-1.0
2023-02-03,15:40:00,CATTERICK,Credo,3m1f,2.0,2.63,2.96,0.3016611858567581,2023-02-03_15:40:00,1.0,True,2.63,-0.20663108119672613,4,-0.12676753447651912,kelly_low|ev_low|,0,False,0.0,0,0.0,9419.11872532606,9851.030021056506,431.911295730446,0.0
2023-02-03,15:40:00,CATTERICK,Gazette Bourgeoise,3m1f,3.0,3.0,3.36,0.2842152620016669,2023-02-03_15:40:00,2.0,True,3.0,-0.14735421399499926,4,-0.07367710699749963,kelly_low|ev_low|,0,False,0.0,0,0.0,9419.11872532606,9851.030021056506,431.911295730446,0.0
2023-02-03,15:40:00,CATTERICK,Betty Baloo,3m1f,1.0,4.0,4.8,0.25861644353808416,2023-02-03_15:40:00,3.0,True,4.0,0.03446577415233665,4,0.011488591384112215,,0,True,10.784072482707957,1,32.352217448123874,9419.11872532606,9851.030021056506,431.911295730446,3.0
2023-02-03,16:12:00,CATTERICK,Hard Iron,3m1½f,1.0,2.63,2.77,0.29059826122174975,2023-02-03_16:12:00,1.0,True,2.63,-0.23572657298679822,6,-0.1446175294397535,kelly_low|ev_low|,0,False,0.0,1,0.0,9419.11872532606,9851.030021056506,431.911295730446,0.0
2023-02-03,16:12:00,CATTERICK,Golden Cosmos,3m1½f,4.0,3.25,3.35,0.26046925314481306,2023-02-03_16:12:00,2.0,True,3.25,-0.15347492727935752,6,-0.06821107879082557,kelly_low|ev_low|,0,False,0.0,0,0.0,9419.11872532606,9851.030021056506,431.911295730446,0.0
2023-02-03,16:12:00,CATTERICK,Bollin Neil,3m1½f,2.0,5.5,6.08,0.1571120451665095,2023-02-03_16:12:00,3.0,True,5.5,-0.13588375158419763,6,-0.030196389240932806,kelly_low|ev_low|,0,False,0.0,0,0.0,9419.11872532606,9851.030021056506,431.911295730446,0.0
2023-02-13,16:15:00,CATTERICK,Tedtwo,1m7½f,1.0,1.5,1.51,0.37314237669074474,2023-02-13_16:15:00,1.0,True,1.5,-0.440286434963883,6,-0.880572869927766,kelly_low|ev_low|,0,False,0.0,1,0.0,9295.518787823798,9851.030021056506,555.511233232708,0.0
2023-02-13,16:15:00,CATTERICK,Clova Hotel,1m7½f,4.0,5.0,6.86,0.24703218645374517,2023-02-13_16:15:00,2.0,True,5.0,0.2351609322687258,6,0.05879023306718145,,0,True,55.37521851493722,0,-55.37521851493722,9295.518787823798,9851.030021056506,555.511233232708,-1.0
2023-02-13,16:15:00,CATTERICK,Rouse,1m7½f,3.0,7.0,9.32,0.2049418582810269,2023-02-13_16:15:00,3.0,True,7.0,0.43459300796718825,6,0.07243216799453138,,0,True,68.22471898732535,0,-68.22471898732535,9295.518787823798,9851.030021056506,555.511233232708,-1.0
2023-02-28,15:15:00,CATTERICK,Da Vinci Hand,1m7½f,5.0,2.88,2.98,0.2682032457183174,2023-02-28_15:15:00,1.0,True,2.88,-0.22757465233124585,5,-0.12105034698470525,kelly_low|ev_low|,0,False,0.0,0,0.0,9295.518787823798,9851.030021056506,555.511233232708,0.0
2023-02-28,15:15:00,CATTERICK,Sabbathical,1m7½f,3.0,3.5,3.95,0.22524845953021408,2023-02-28_15:15:00,3.0,True,3.5,-0.21163039164425068,5,-0.08465215665770028,kelly_low|ev_low|,0,False,0.0,0,0.0,9295.518787823798,9851.030021056506,555.511233232708,0.0
2023-02-28,15:15:00,CATTERICK,Elmount,1m7½f,1.0,3.75,4.25,0.2534106104553059,2023-02-28_15:15:00,2.0,True,3.75,-0.04971021079260296,5,-0.018076440288219257,kelly_low|ev_low|,0,False,0.0,1,0.0,9295.518787823798,9851.030021056506,555.511233232708,0.0
2023-02-28,16:15:00,CATTERICK,Betty Baloo,3m1f,2.0,2.1,2.16,0.3160048931872443,2023-02-28_16:15:00,1.0,True,2.1,-0.33638972430678693,5,-0.3058088402788972,kelly_low|ev_low|,0,False,0.0,0,0.0,9283.575570362273,9851.030021056506,567.454450694233,0.0
2023-02-28,16:15:00,CATTERICK,Lounge Lizard,3m1f,1.0,3.5,3.82,0.2650355771444272,2023-02-28_16:15:00,2.0,True,3.5,-0.07237547999450467,5,-0.028950191997801866,kelly_low|ev_low|,0,False,0.0,1,0.0,9283.575570362273,9851.030021056506,567.454450694233,0.0
2023-02-28,16:15:00,CATTERICK,Fiston Du Mou,3m1f,3.0,4.5,5.56,0.23221539134895175,2023-02-28_16:15:00,3.0,True,4.5,0.04496926107028287,5,0.012848360305795106,,0,True,11.943217461524792,0,-11.943217461524792,9283.575570362273,9851.030021056506,567.454450694233,-1.0
2023-04-12,14:40:00,CATTERICK,Jamie Bond,5f,1.0,3.5,3.5,0.22599741863581904,2023-04-12_14:40:00,1.0,True,3.5,-0.2090090347746334,6,-0.08360361390985335,kelly_low|ev_low|,0,False,0.0,1,0.0,9283.575570362273,9851.030021056506,567.454450694233,0.0
2023-04-12,14:40:00,CATTERICK,Shines Ambition,5f,5.0,4.0,4.7,0.19638771408631353,2023-04-12_14:40:00,2.0,True,4.0,-0.21444914365474588,6,-0.07148304788491529,kelly_low|ev_low|,0,False,0.0,0,0.0,9283.575570362273,9851.030021056506,567.454450694233,0.0
2023-04-12,14:40:00,CATTERICK,South Dakota Sioux,5f,6.0,5.5,6.17,0.17279933816333395,2023-04-12_14:40:00,3.0,True,5.5,-0.04960364010166329,6,-0.011023031133702954,kelly_low|ev_low|,0,False,0.0,0,0.0,9283.575570362273,9851.030021056506,567.454450694233,0.0
2023-04-12,15:15:00,CATTERICK,Mister Camacho,1m6f,1.0,2.5,2.66,0.261310710502058,2023-04-12_15:15:00,1.0,True,2.5,-0.346723223744855,6,-0.23114881582990332,kelly_low|ev_low|,0,False,0.0,1,0.0,9283.575570362273,9851.030021056506,567.454450694233,0.0
2023-04-12,15:15:00,CATTERICK,Quercus Robur,1m6f,2.0,4.33,4.9,0.22740025519577234,2023-04-12_15:15:00,2.0,True,4.33,-0.015356895002305748,6,-0.004611680180872597,kelly_low|ev_low|,0,False,0.0,0,0.0,9283.575570362273,9851.030021056506,567.454450694233,0.0
2023-04-12,15:15:00,CATTERICK,Golden Keeper,1m6f,6.0,5.0,5.38,0.18704187696501295,2023-04-12_15:15:00,3.0,True,5.0,-0.06479061517493523,6,-0.016197653793733807,kelly_low|ev_low|,0,False,0.0,0,0.0,9283.575570362273,9851.030021056506,567.454450694233,0.0
2023-05-15,14:20:00,CATTERICK,Majestic Beauty,5f,1.0,1.73,1.93,0.3767084287919592,2023-05-15_14:20:00,1.0,True,1.73,-0.3482944181899106,4,-0.4771156413560419,kelly_low|ev_low|,0,False,0.0,1,0.0,9190.063098882027,9851.030021056506,660.9669221744789,0.0
2023-05-15,14:20:00,CATTERICK,Specific Times,5f,2.0,3.5,3.55,0.2987418086257758,2023-05-15_14:20:00,2.0,True,3.5,0.04559633019021536,4,0.018238532076086146,,0,True,16.931879082082204,0,-16.931879082082204,9190.063098882027,9851.030021056506,660.9669221744789,-1.0
2023-05-15,14:20:00,CATTERICK,Harvanna,5f,3.0,5.0,6.39,0.26599232532141703,2023-05-15_14:20:00,3.0,True,5.0,0.32996162660708517,4,0.08249040665177129,,0,True,76.58059239816335,0,-76.58059239816335,9190.063098882027,9851.030021056506,660.9669221744789,-1.0
2023-06-02,17:55:00,CATTERICK,Golden Gal,5f,4.0,2.25,2.45,0.23067266535182163,2023-06-02_17:55:00,1.0,True,2.25,-0.48098650295840134,6,-0.3847892023667211,kelly_low|ev_low|,0,False,0.0,0,0.0,9143.550024782175,9851.030021056506,707.4799962743309,0.0
2023-06-02,17:55:00,CATTERICK,Mrs Bagerran,5f,2.0,4.5,5.2,0.19169373768564754,2023-06-02_17:55:00,2.0,True,4.5,-0.13737818041458605,6,-0.03925090868988173,kelly_low|ev_low|,0,False,0.0,0,0.0,9143.550024782175,9851.030021056506,707.4799962743309,0.0
2023-06-02,17:55:00,CATTERICK,Sherdil,5f,5.0,8.5,9.33,0.16230501959439336,2023-06-02_17:55:00,3.0,True,8.5,0.37959266655234347,6,0.050612355540312466,,0,True,46.51307409985229,0,-46.51307409985229,9143.550024782175,9851.030021056506,707.4799962743309,-1.0
2023-06-02,18:55:00,CATTERICK,Scottish Dancer,1m6f,1.0,2.2,2.28,0.30158600497308663,2023-06-02_18:55:00,1.0,True,2.2,-0.33651078905920934,5,-0.28042565754934107,kelly_low|ev_low|,0,False,0.0,1,0.0,9105.880033179597,9851.030021056506,745.1499878769082,0.0
2023-06-02,18:55:00,CATTERICK,Turner Girl,1m6f,2.0,3.5,3.62,0.25785495696532645,2023-06-02_18:55:00,2.0,True,3.5,-0.09750765062135736,5,-0.03900306024854294,kelly_low|ev_low|,0,False,0.0,0,0.0,9105.880033179597,9851.030021056506,745.1499878769082,0.0
2023-06-02,18:55:00,CATTERICK,Eye Knee,1m6f,4.0,7.0,9.6,0.17817008383003358,2023-06-02_18:55:00,3.0,True,7.0,0.2471905868102351,5,0.04119843113503918,,0,True,37.669991602577426,0,-37.669991602577426,9105.880033179597,9851.030021056506,745.1499878769082,-1.0
2023-06-02,19:55:00,CATTERICK,How Bizarre,7f,4.0,3.0,3.05,0.2930979906690915,2023-06-02_19:55:00,1.0,True,3.0,-0.12070602799272556,4,-0.06035301399636278,kelly_low|ev_low|,0,False,0.0,0,0.0,9105.880033179597,9851.030021056506,745.1499878769082,0.0
2023-06-02,19:55:00,CATTERICK,Written Broadcast,7f,3.0,3.5,4.22,0.23561443266543813,2023-06-02_19:55:00,3.0,True,3.5,-0.17534948567096653,4,-0.07013979426838661,kelly_low|ev_low|,0,False,0.0,0,0.0,9105.880033179597,9851.030021056506,745.1499878769082,0.0
2023-06-02,19:55:00,CATTERICK,Eagle Eyed Freddie,7f,1.0,3.75,4.0,0.2521353425298295,2023-06-02_19:55:00,2.0,True,3.75,-0.054492465513139354,4,-0.019815442004777948,kelly_low|ev_low|,0,False,0.0,1,0.0,9105.880033179597,9851.030021056506,745.1499878769082,0.0
2023-06-10,15:55:00,CATTERICK,Lets Go Hugo,5f,2.0,2.75,2.87,0.24803910577051386,2023-06-10_15:55:00,1.0,True,2.75,-0.31789245913108694,5,-0.18165283378919253,kelly_low|ev_low|,0,False,0.0,0,0.0,9105.880033179597,9851.030021056506,745.1499878769082,0.0
2023-06-10,15:55:00,CATTERICK,Dark Crusade,5f,3.0,3.75,4.1,0.21694881407666566,2023-06-10_15:55:00,2.0,True,3.75,-0.18644194721250373,5,-0.06779707171363772,kelly_low|ev_low|,0,False,0.0,0,0.0,9105.880033179597,9851.030021056506,745.1499878769082,0.0
2023-06-10,15:55:00,CATTERICK,Jack Of Clubs,5f,5.0,4.33,5.09,0.20871564193528538,2023-06-10_15:55:00,3.0,True,4.33,-0.09626127042021426,5,-0.028907288414478757,kelly_low|ev_low|,0,False,0.0,0,0.0,9105.880033179597,9851.030021056506,745.1499878769082,0.0
2023-07-19,15:52:00,CATTERICK,Oso Rapido,6f,2.0,4.33,4.5,0.18258651038623072,2023-07-19_15:52:00,2.0,True,4.33,-0.2094004100276209,6,-0.06288300601430057,kelly_low|ev_low|,0,False,0.0,0,0.0,9105.880033179597,9851.030021056506,745.1499878769082,0.0
2023-07-19,15:52:00,CATTERICK,Blazing Son,6f,4.0,4.5,4.95,0.1724649189688337,2023-07-19_15:52:00,3.0,True,4.5,-0.22390786464024837,6,-0.06397367561149954,kelly_low|ev_low|,0,False,0.0,0,0.0,9105.880033179597,9851.030021056506,745.1499878769082,0.0
2023-07-19,15:52:00,CATTERICK,Ecclesiastical,6f,3.0,5.0,5.21,0.19120209813551067,2023-07-19_15:52:00,1.0,True,5.0,-0.04398950932244661,6,-0.010997377330611652,kelly_low|ev_low|,0,False,0.0,0,0.0,9105.880033179597,9851.030021056506,745.1499878769082,0.0
2023-07-26,15:55:00,CATTERICK,Feud,1m4f,2.0,1.83,2.01,0.3048319016020543,2023-07-26_15:55:00,1.0,True,1.83,-0.4421576200682406,6,-0.5327200241786031,kelly_low|ev_low|,0,False,0.0,0,0.0,9066.738156865968,9851.030021056506,784.291864190538,0.0
2023-07-26,15:55:00,CATTERICK,Hope You Can Run,1m4f,1.0,3.75,3.95,0.24485550868951136,2023-07-26_15:55:00,2.0,True,3.75,-0.08179184241433246,6,-0.02974248815066635,kelly_low|ev_low|,0,False,0.0,1,0.0,9066.738156865968,9851.030021056506,784.291864190538,0.0
2023-07-26,15:55:00,CATTERICK,Genesius,1m4f,3.0,8.5,12.44,0.15557524320840274,2023-07-26_15:55:00,3.0,True,8.5,0.3223895672714234,6,0.04298527563618979,,0,True,39.141876313630206,0,-39.141876313630206,9066.738156865968,9851.030021056506,784.291864190538,-1.0
2023-09-12,13:30:00,CATTERICK,Captain Haddock,1m6f,5.0,3.25,3.43,0.24467532913064977,2023-09-12_13:30:00,2.0,True,3.25,-0.2048051803253882,5,-0.09102452458906142,kelly_low|ev_low|,0,False,0.0,0,0.0,9066.738156865968,9851.030021056506,784.291864190538,0.0
2023-09-12,13:30:00,CATTERICK,Let Her Loose,1m6f,2.0,3.25,3.54,0.24730812829197932,2023-09-12_13:30:00,1.0,True,3.25,-0.19624858305106718,5,-0.08722159246714097,kelly_low|ev_low|,0,False,0.0,0,0.0,9066.738156865968,9851.030021056506,784.291864190538,0.0
2023-09-12,13:30:00,CATTERICK,Sameem,1m6f,1.0,4.0,4.5,0.22236004569048579,2023-09-12_13:30:00,3.0,True,4.0,-0.11055981723805686,5,-0.03685327241268562,kelly_low|ev_low|,0,False,0.0,1,0.0,9066.738156865968,9851.030021056506,784.291864190538,0.0
2023-09-12,14:40:00,CATTERICK,O G Beachwear,6f,1.0,1.57,1.72,0.49204407675986706,2023-09-12_14:40:00,1.0,True,1.57,-0.22749079948700868,4,-0.39910666576668186,kelly_low|ev_low|,0,False,0.0,1,0.0,9024.419697092391,9851.030021056506,826.6103239641143,0.0
2023-09-12,14:40:00,CATTERICK,Della,6f,2.0,2.5,2.58,0.42800464227029456,2023-09-12_14:40:00,2.0,True,2.5,0.07001160567573639,4,0.04667440378382426,,0,True,42.31845977357687,0,-42.31845977357687,9024.419697092391,9851.030021056506,826.6103239641143,-1.0
2023-09-12,14:40:00,CATTERICK,Chattel Village,6f,4.0,34.0,54.24,0.07566773483362242,2023-09-12_14:40:00,3.0,True,34.0,1.5727029843431626,4,0.04765766619221705,odds_high|,0,False,0.0,0,0.0,9024.419697092391,9851.030021056506,826.6103239641143,0.0
2023-09-12,15:10:00,CATTERICK,Langholm,6f,2.0,3.5,3.6,0.2607099468663188,2023-09-12_15:10:00,1.0,True,3.5,-0.08751518596788421,6,-0.03500607438715368,kelly_low|ev_low|,0,False,0.0,0,0.0,9335.897745622875,9851.030021056506,515.1322754336306,0.0
2023-09-12,15:10:00,CATTERICK,Havana Rum,6f,1.0,6.0,7.55,0.22419170409942263,2023-09-12_15:10:00,2.0,True,6.0,0.34515022459653566,6,0.06903004491930713,,0,True,62.29560970609678,1,311.47804853048393,9335.897745622875,9851.030021056506,515.1322754336306,5.0
2023-09-12,15:10:00,CATTERICK,Guest List,6f,6.0,12.0,13.85,0.17398908332073024,2023-09-12_15:10:00,3.0,True,12.0,1.087868999848763,6,0.098897181804433,odds_high|,0,False,0.0,0,0.0,9335.897745622875,9851.030021056506,515.1322754336306,0.0
2023-09-12,16:15:00,CATTERICK,Albegone,5f,1.0,4.0,4.87,0.20017665372749155,2023-09-12_16:15:00,1.0,True,4.0,-0.1992933850900338,6,-0.0664311283633446,kelly_low|ev_low|,0,False,0.0,1,0.0,9335.897745622875,9851.030021056506,515.1322754336306,0.0
2023-09-12,16:15:00,CATTERICK,Texas Man,5f,4.0,5.0,5.66,0.18204435299559138,2023-09-12_16:15:00,2.0,True,5.0,-0.08977823502204307,6,-0.02244455875551077,kelly_low|ev_low|,0,False,0.0,0,0.0,9335.897745622875,9851.030021056506,515.1322754336306,0.0
2023-09-12,16:15:00,CATTERICK,Papa Dont Preach,5f,6.0,5.5,6.49,0.16424963767806,2023-09-12_16:15:00,3.0,True,5.5,-0.09662699277067,6,-0.021472665060148888,kelly_low|ev_low|,0,False,0.0,0,0.0,9335.897745622875,9851.030021056506,515.1322754336306,0.0
2023-09-12,16:50:00,CATTERICK,Highfield Viking,7f,2.0,2.38,2.3,0.24195092383784422,2023-09-12_16:50:00,1.0,True,2.38,-0.42415680126593075,6,-0.30736000091734117,kelly_low|ev_low|,0,False,0.0,0,0.0,9305.997208207082,9851.030021056506,545.0328128494239,0.0
2023-09-12,16:50:00,CATTERICK,Wreck It Ryley,7f,4.0,4.5,5.13,0.19702955802301658,2023-09-12_16:50:00,2.0,True,4.5,-0.11336698889642538,6,-0.032390568256121535,kelly_low|ev_low|,0,False,0.0,0,0.0,9305.997208207082,9851.030021056506,545.0328128494239,0.0
2023-09-12,16:50:00,CATTERICK,Vortigan,7f,5.0,6.5,7.22,0.1809463379160823,2023-09-12_16:50:00,3.0,True,6.5,0.17615119645453492,6,0.032027490264460896,,0,True,29.900537415793906,0,-29.900537415793906,9305.997208207082,9851.030021056506,545.0328128494239,-1.0
2023-09-23,16:05:00,CATTERICK,Dreams Adozen,1m6f,2.0,3.0,3.11,0.26282923094798266,2023-09-23_16:05:00,1.0,True,3.0,-0.21151230715605196,5,-0.10575615357802598,kelly_low|ev_low|,0,False,0.0,0,0.0,9305.997208207082,9851.030021056506,545.0328128494239,0.0
2023-09-23,16:05:00,CATTERICK,Muzaffar,1m6f,4.0,3.25,3.11,0.24470996514790205,2023-09-23_16:05:00,2.0,True,3.25,-0.2046926132693183,5,-0.0909744947863637,kelly_low|ev_low|,0,False,0.0,0,0.0,9305.997208207082,9851.030021056506,545.0328128494239,0.0
2023-09-23,16:05:00,CATTERICK,Big Cheese,1m6f,3.0,3.75,4.88,0.22390856497993492,2023-09-23_16:05:00,3.0,True,3.75,-0.160342881325244,5,-0.05830650230008872,kelly_low|ev_low|,0,False,0.0,0,0.0,9305.997208207082,9851.030021056506,545.0328128494239,0.0
2023-10-04,15:50:00,CATTERICK,Ice Max,7f,1.0,2.1,2.24,0.2963940037092653,2023-10-04_15:50:00,1.0,True,2.1,-0.3775725922105429,5,-0.3432478111004935,kelly_low|ev_low|,0,False,0.0,1,0.0,9282.254045761132,9851.030021056506,568.7759752953734,0.0
2023-10-04,15:50:00,CATTERICK,Noo Point,7f,3.0,4.33,5.06,0.23845821538672266,2023-10-04_15:50:00,2.0,True,4.33,0.03252407262450907,5,0.00976698877612885,,0,True,9.089157028324497,0,-9.089157028324497,9282.254045761132,9851.030021056506,568.7759752953734,-1.0
2023-10-04,15:50:00,CATTERICK,Charged Up,7f,4.0,5.0,5.4,0.21259747243826937,2023-10-04_15:50:00,3.0,True,5.0,0.06298736219134682,5,0.015746840547836705,,0,True,14.654005417625045,0,-14.654005417625045,9282.254045761132,9851.030021056506,568.7759752953734,-1.0
2023-10-21,13:45:00,CATTERICK,Mercury Day,7f,2.0,1.67,1.85,0.39580388728022753,2023-10-21_13:45:00,1.0,True,1.67,-0.33900750824202003,5,-0.5059813555851046,kelly_low|ev_low|,0,False,0.0,0,0.0,9220.259692921896,9851.030021056506,630.7703281346094,0.0
2023-10-21,13:45:00,CATTERICK,Bubbles Wonky,7f,1.0,3.5,3.74,0.30061211142264965,2023-10-21_13:45:00,2.0,True,3.5,0.052142389979273784,5,0.020856955991709513,,0,True,19.359956413630755,1,48.39989103407689,9220.259692921896,9851.030021056506,630.7703281346094,2.5
2023-10-21,13:45:00,CATTERICK,Goldingreatstore,7f,4.0,5.5,5.7,0.2791248949546543,2023-10-21_13:45:00,3.0,True,5.5,0.5351869222505987,5,0.11893042716679972,,0,True,110.39424387331265,0,-110.39424387331265,9220.259692921896,9851.030021056506,630.7703281346094,-1.0
2023-10-21,15:00:00,CATTERICK,Ramiro,6f,2.0,3.5,3.58,0.257532380924642,2023-10-21_15:00:00,1.0,True,3.5,-0.09863666676375316,5,-0.03945466670550126,kelly_low|ev_low|,0,False,0.0,0,0.0,9206.693096385301,9851.030021056506,644.3369246712045,0.0
2023-10-21,15:00:00,CATTERICK,Oso Rapido,6f,1.0,4.0,4.49,0.19904620386028365,2023-10-21_15:00:00,3.0,True,4.0,-0.20381518455886538,5,-0.06793839485295512,kelly_low|ev_low|,0,False,0.0,1,0.0,9206.693096385301,9851.030021056506,644.3369246712045,0.0
2023-10-21,15:00:00,CATTERICK,Broken Spear,6f,5.0,4.33,4.9,0.24226265174165149,2023-10-21_15:00:00,2.0,True,4.33,0.04899728204135101,5,0.014713898510916219,,0,True,13.566596536594432,0,-13.566596536594432,9206.693096385301,9851.030021056506,644.3369246712045,-1.0
2023-10-21,16:20:00,CATTERICK,Legal Reform,7f,2.0,3.5,3.98,0.22506197629827476,2023-10-21_16:20:00,2.0,True,3.5,-0.21228308295603837,6,-0.08491323318241535,kelly_low|ev_low|,0,False,0.0,0,0.0,9206.693096385301,9851.030021056506,644.3369246712045,0.0
2023-10-21,16:20:00,CATTERICK,Quest For Fun,7f,1.0,3.75,4.37,0.22695799308237893,2023-10-21_16:20:00,1.0,True,3.75,-0.14890752594107892,6,-0.05414819125130143,kelly_low|ev_low|,0,False,0.0,1,0.0,9206.693096385301,9851.030021056506,644.3369246712045,0.0
2023-10-21,16:20:00,CATTERICK,Tasever,7f,5.0,5.0,5.73,0.1880334390000179,2023-10-21_16:20:00,3.0,True,5.0,-0.059832804999910505,6,-0.014958201249977626,kelly_low|ev_low|,0,False,0.0,0,0.0,9206.693096385301,9851.030021056506,644.3369246712045,0.0
2023-10-31,13:07:00,CATTERICK,Rogue Enforcer,5f,1.0,2.1,2.28,0.32806312009991284,2023-10-31_13:07:00,1.0,True,2.1,-0.31106744779018297,5,-0.28278858890016634,kelly_low|ev_low|,0,False,0.0,1,0.0,9153.730117285422,9851.030021056506,697.2999037710833,0.0
2023-10-31,13:07:00,CATTERICK,Tsunami Spirit,5f,2.0,3.0,3.2,0.2666843498517566,2023-10-31_13:07:00,2.0,True,3.0,-0.1999469504447302,5,-0.0999734752223651,kelly_low|ev_low|,0,False,0.0,0,0.0,9153.730117285422,9851.030021056506,697.2999037710833,0.0
2023-10-31,13:07:00,CATTERICK,Lettuce Leaf,5f,4.0,6.0,6.68,0.21460550361333733,2023-10-31_13:07:00,3.0,True,6.0,0.2876330216800239,5,0.05752660433600478,,0,True,52.9629790998784,0,-52.9629790998784,9153.730117285422,9851.030021056506,697.2999037710833,-1.0
2023-10-31,14:17:00,CATTERICK,Dark Jedi,1m4f,5.0,2.88,2.74,0.22707164045352204,2023-10-31_14:17:00,2.0,True,2.88,-0.34603367549385655,6,-0.18406046568822157,kelly_low|ev_low|,0,False,0.0,0,0.0,9153.730117285422,9851.030021056506,697.2999037710833,0.0
2023-10-31,14:17:00,CATTERICK,Genesius,1m4f,2.0,3.75,4.1,0.22854180980135336,2023-10-31_14:17:00,1.0,True,3.75,-0.1429682132449248,6,-0.05198844117997266,kelly_low|ev_low|,0,False,0.0,0,0.0,9153.730117285422,9851.030021056506,697.2999037710833,0.0
2023-10-31,14:17:00,CATTERICK,Animato,1m4f,3.0,5.0,5.97,0.19866393728589457,2023-10-31_14:17:00,3.0,True,5.0,-0.006680313570527119,6,-0.0016700783926317797,kelly_low|ev_low|,0,False,0.0,0,0.0,9153.730117285422,9851.030021056506,697.2999037710833,0.0
2023-11-24,15:35:00,CATTERICK,Iorangi De LIsle,1m7½f,3.0,2.75,3.04,0.29532184402882766,2023-11-24_15:35:00,1.0,True,2.75,-0.18786492892072393,4,-0.10735138795469938,kelly_low|ev_low|,0,False,0.0,0,0.0,9223.272453747777,9851.030021056506,627.7575673087285,0.0
2023-11-24,15:35:00,CATTERICK,Gwash,1m7½f,2.0,3.25,3.61,0.27069850815375507,2023-11-24_15:35:00,2.0,True,3.25,-0.12022984850029605,4,-0.053435488222353805,kelly_low|ev_low|,0,False,0.0,0,0.0,9223.272453747777,9851.030021056506,627.7575673087285,0.0
2023-11-24,15:35:00,CATTERICK,Defence Witness,1m7½f,1.0,4.2,4.26,0.2561837101667894,2023-11-24_15:35:00,3.0,True,4.2,0.07597158270051563,4,0.023741119593911134,,0,True,21.731980144485938,1,69.54233646235501,9223.272453747777,9851.030021056506,627.7575673087285,3.2
2023-12-19,12:30:00,CATTERICK,Beachcomber,3m1½f,,1.62,1.63,0.3293172801597757,2023-12-19_12:30:00,1.0,True,1.62,-0.46650600614116333,5,-0.7524290421631665,kelly_low|ev_low|,0,False,0.0,0,0.0,9632.278172859356,9851.030021056506,218.75184819714923,0.0
2023-12-19,12:30:00,CATTERICK,Dragon Rock,3m1½f,4.0,6.5,7.83,0.19925188905589158,2023-12-19_12:30:00,3.0,True,6.5,0.2951372788632953,5,0.05366132342969006,,0,True,49.49330062207105,0,-49.49330062207105,9632.278172859356,9851.030021056506,218.75184819714923,-1.0
2023-12-19,12:30:00,CATTERICK,Blue Bikini,3m1½f,1.0,7.0,8.48,0.21387300007096172,2023-12-19_12:30:00,2.0,True,7.0,0.49711100049673207,5,0.08285183341612201,,0,True,76.41650328894177,1,458.4990197336506,9632.278172859356,9851.030021056506,218.75184819714923,6.0
2023-12-28,13:05:00,CATTERICK,New Order,2m3½f,3.0,1.57,1.74,0.36602424271291195,2023-12-28_13:05:00,1.0,True,1.57,-0.42534193894072825,5,-0.7462139279661898,kelly_low|ev_low|,0,False,0.0,0,0.0,10281.393505234246,10281.393505234246,0.0,0.0
2023-12-28,13:05:00,CATTERICK,Hazy Glen,2m3½f,2.0,4.0,4.67,0.26916418452310736,2023-12-28_13:05:00,2.0,True,4.0,0.07665673809242946,5,0.025552246030809817,,0,True,24.612634171010153,0,-24.612634171010153,10281.393505234246,10281.393505234246,0.0,-1.0
2023-12-28,13:05:00,CATTERICK,Sea Grey,2m3½f,1.0,9.0,10.44,0.18882757818789456,2023-12-28_13:05:00,3.0,True,9.0,0.699448203691051,5,0.08743102546138137,,0,True,84.21599581823745,1,673.7279665458996,10281.393505234246,10281.393505234246,0.0,8.0
2023-12-28,13:40:00,CATTERICK,Guillaume,1m7½f,1.0,3.0,2.81,0.2646640043990194,2023-12-28_13:40:00,1.0,True,3.0,-0.20600798680294186,6,-0.10300399340147093,kelly_low|ev_low|,0,False,0.0,1,0.0,10262.662360523684,10281.393505234246,18.73114471056215,0.0
2023-12-28,13:40:00,CATTERICK,Blue Bear,1m7½f,4.0,4.33,4.12,0.23517707076444289,2023-12-28_13:40:00,2.0,True,4.33,0.018316716410037737,6,0.0055005154384497705,,0,True,5.655296370431817,0,-5.655296370431817,10262.662360523684,10281.393505234246,18.73114471056215,-1.0
2023-12-28,13:40:00,CATTERICK,Coeur Aimant,1m7½f,5.0,5.0,4.57,0.21017437827545327,2023-12-28_13:40:00,3.0,True,5.0,0.05087189137726633,6,0.012717972844316583,,0,True,13.075848340130202,0,-13.075848340130202,10262.662360523684,10281.393505234246,18.73114471056215,-1.0
2023-12-28,15:23:00,CATTERICK,Burrows Hall,2m3½f,2.0,1.62,1.64,0.3654801425484212,2023-12-28_15:23:00,1.0,True,1.62,-0.40792216907155765,4,-0.6579389823734799,kelly_low|ev_low|,0,False,0.0,0,0.0,10284.356195026994,10284.356195026994,0.0,0.0
2023-12-28,15:23:00,CATTERICK,Hajey,2m3½f,1.0,5.0,4.85,0.22391400315420948,2023-12-28_15:23:00,3.0,True,5.0,0.11957001577104742,4,0.029892503942761856,,0,True,30.67766750751879,1,122.71067003007516,10284.356195026994,10284.356195026994,0.0,4.0
2023-12-28,15:23:00,CATTERICK,Masked Crusader,2m3½f,3.0,6.5,7.39,0.23713427237186305,2023-12-28_15:23:00,2.0,True,6.5,0.5413727704171098,4,0.09843141280311088,,0,True,101.0168355267655,0,-101.0168355267655,10284.356195026994,10284.356195026994,0.0,-1.0
2024-01-01,13:55:00,CATTERICK,Conquredalofeurope,3m1f,1.0,2.88,2.98,0.32116842887720987,2024-01-01_13:55:00,1.0,True,2.88,-0.07503492483363561,4,-0.039912194060444474,kelly_low|ev_low|,0,False,0.0,1,0.0,10284.356195026994,10284.356195026994,0.0,0.0
2024-01-01,13:55:00,CATTERICK,Ideal Du Tabert,3m1f,2.0,3.0,3.2,0.28385780318876,2024-01-01_13:55:00,3.0,True,3.0,-0.14842659043371997,4,-0.07421329521685999,kelly_low|ev_low|,0,False,0.0,0,0.0,10284.356195026994,10284.356195026994,0.0,0.0
2024-01-01,13:55:00,CATTERICK,Not What It Seems,3m1f,3.0,3.0,3.26,0.2999580242734906,2024-01-01_13:55:00,2.0,True,3.0,-0.10012592717952817,4,-0.05006296358976409,kelly_low|ev_low|,0,False,0.0,0,0.0,10284.356195026994,10284.356195026994,0.0,0.0
2024-01-01,14:30:00,CATTERICK,Jimmy Chou Pecos Aa,1m7½f,2.0,2.0,2.14,0.34152910479442344,2024-01-01_14:30:00,1.0,True,2.0,-0.3169417904111531,4,-0.3169417904111531,kelly_low|ev_low|,0,False,0.0,0,0.0,10538.694830507045,10538.694830507045,0.0,0.0
2024-01-01,14:30:00,CATTERICK,Iorangi De LIsle,1m7½f,3.0,3.5,3.69,0.3095659769054052,2024-01-01_14:30:00,2.0,True,3.5,0.0834809191689182,4,0.03339236766756728,,0,True,34.34190032885646,0,-34.34190032885646,10538.694830507045,10538.694830507045,0.0,-1.0
2024-01-01,14:30:00,CATTERICK,Justus,1m7½f,1.0,5.5,6.5,0.23285430809748586,2024-01-01_14:30:00,3.0,True,5.5,0.28069869453617224,4,0.06237748767470494,,0,True,64.15123017975718,1,288.6805358089073,10538.694830507045,10538.694830507045,0.0,4.5
2024-01-01,15:05:00,CATTERICK,Event Of Sivola,3m1f,2.0,3.5,4.01,0.24671880376530952,2024-01-01_15:05:00,1.0,True,3.5,-0.13648418682141672,6,-0.05459367472856669,kelly_low|ev_low|,0,False,0.0,0,0.0,10538.694830507045,10538.694830507045,0.0,0.0
2024-01-01,15:05:00,CATTERICK,Gibberwell,3m1f,3.0,4.2,4.3,0.2057590762419368,2024-01-01_15:05:00,2.0,True,4.2,-0.13581187978386544,6,-0.04244121243245795,kelly_low|ev_low|,0,False,0.0,0,0.0,10538.694830507045,10538.694830507045,0.0,0.0
2024-01-01,15:05:00,CATTERICK,Dark Duomo,3m1f,4.0,4.33,4.8,0.19766273690086134,2024-01-01_15:05:00,3.0,True,4.33,-0.14412034921927042,6,-0.04327938414993106,kelly_low|ev_low|,0,False,0.0,0,0.0,10538.694830507045,10538.694830507045,0.0,0.0
2024-01-24,12:50:00,CATTERICK,Shanty Alley,3m1f,3.0,3.25,3.52,0.2120608837303556,2024-01-24_12:50:00,3.0,True,3.25,-0.3108021278763443,6,-0.13813427905615303,kelly_low|ev_low|,0,False,0.0,0,0.0,10538.694830507045,10538.694830507045,0.0,0.0
2024-01-24,12:50:00,CATTERICK,Didero Vallis,3m1f,2.0,3.75,4.41,0.22679667136487067,2024-01-24_12:50:00,1.0,True,3.75,-0.14951248238173498,6,-0.054368175411539994,kelly_low|ev_low|,0,False,0.0,0,0.0,10538.694830507045,10538.694830507045,0.0,0.0
2024-01-24,12:50:00,CATTERICK,Mister Bells,3m1f,1.0,4.5,5.54,0.21229612964029088,2024-01-24_12:50:00,2.0,True,4.5,-0.044667416618691,6,-0.012762119033911714,kelly_low|ev_low|,0,False,0.0,1,0.0,10538.694830507045,10538.694830507045,0.0,0.0
2024-01-24,15:00:00,CATTERICK,Empty Nest,2m3f,3.0,2.5,2.74,0.2609240678376077,2024-01-24_15:00:00,1.0,True,2.5,-0.3476898304059808,6,-0.23179322027065385,kelly_low|ev_low|,0,False,0.0,0,0.0,10538.694830507045,10538.694830507045,0.0,0.0
2024-01-24,15:00:00,CATTERICK,Henry Gray,2m3f,2.0,5.0,5.79,0.17775449567459087,2024-01-24_15:00:00,3.0,True,5.0,-0.11122752162704563,6,-0.02780688040676141,kelly_low|ev_low|,0,False,0.0,0,0.0,10538.694830507045,10538.694830507045,0.0,0.0
2024-01-24,15:00:00,CATTERICK,Hokelami,2m3f,4.0,5.0,5.77,0.19481882620551072,2024-01-24_15:00:00,2.0,True,5.0,-0.0259058689724464,6,-0.0064764672431116,kelly_low|ev_low|,0,False,0.0,0,0.0,10538.694830507045,10538.694830507045,0.0,0.0
2024-01-24,15:35:00,CATTERICK,Letthedustsettle,1m7½f,1.0,4.0,4.4,0.22031260254557797,2024-01-24_15:35:00,1.0,True,4.0,-0.11874958981768813,6,-0.03958319660589604,kelly_low|ev_low|,0,False,0.0,1,0.0,10538.694830507045,10538.694830507045,0.0,0.0
2024-01-24,15:35:00,CATTERICK,Ring Of Beara,1m7½f,3.0,4.33,4.9,0.188658803405737,2024-01-24_15:35:00,2.0,True,4.33,-0.18310738125315873,6,-0.054987201577525145,kelly_low|ev_low|,0,False,0.0,0,0.0,10538.694830507045,10538.694830507045,0.0,0.0
2024-01-24,15:35:00,CATTERICK,Misty Mani,1m7½f,5.0,5.5,6.0,0.17385896320192606,2024-01-24_15:35:00,3.0,True,5.5,-0.043775702389406645,6,-0.009727933864312588,kelly_low|ev_low|,0,False,0.0,0,0.0,10538.694830507045,10538.694830507045,0.0,0.0
2024-02-02,13:05:00,CATTERICK,Coco Kolada,2m3½f,,1.91,2.43,0.33554404295324347,2024-02-02_13:05:00,1.0,True,1.91,-0.359110877959305,6,-0.39462733841681874,kelly_low|ev_low|,0,False,0.0,0,0.0,10515.514590472429,10538.694830507045,23.180240034616872,0.0
2024-02-02,13:05:00,CATTERICK,Goguenard,2m3½f,1.0,3.5,4.15,0.28526391171320925,2024-02-02_13:05:00,2.0,True,3.5,-0.0015763090037677063,6,-0.0006305236015070826,kelly_low|ev_low|,0,False,0.0,1,0.0,10515.514590472429,10538.694830507045,23.180240034616872,0.0
2024-02-02,13:05:00,CATTERICK,Beaumesnil,2m3½f,2.0,5.0,5.27,0.21759628903383027,2024-02-02_13:05:00,3.0,True,5.0,0.0879814451691514,6,0.02199536129228785,,0,True,23.180240034616872,0,-23.180240034616872,10515.514590472429,10538.694830507045,23.180240034616872,-1.0
2024-02-02,13:35:00,CATTERICK,Kings Justice,2m3f,2.0,3.0,2.59,0.2642150490476894,2024-02-02_13:35:00,1.0,True,3.0,-0.2073548528569319,6,-0.10367742642846595,kelly_low|ev_low|,0,False,0.0,0,0.0,11068.487160053093,11068.487160053093,0.0,0.0
2024-02-02,13:35:00,CATTERICK,Zaras Universe,2m3f,3.0,7.0,5.84,0.17771150172374647,2024-02-02_13:35:00,2.0,True,7.0,0.24398051206622529,6,0.04066341867770421,,0,True,42.75967724038877,0,-42.75967724038877,11068.487160053093,11068.487160053093,0.0,-1.0
2024-02-02,13:35:00,CATTERICK,Onenightintown,2m3f,1.0,9.0,7.47,0.17405855062964837,2024-02-02_13:35:00,3.0,True,9.0,0.5665269556668353,6,0.07081586945835441,,0,True,74.46653085263166,1,595.7322468210533,11068.487160053093,11068.487160053093,0.0,8.0
2024-02-02,15:05:00,CATTERICK,Shighness,3m1f,1.0,2.2,2.48,0.34052148390975695,2024-02-02_15:05:00,1.0,True,2.2,-0.2508527353985346,4,-0.20904394616544547,kelly_low|ev_low|,0,False,0.0,1,0.0,11015.140869738661,11068.487160053093,53.346290314431826,0.0
2024-02-02,15:05:00,CATTERICK,Eureka Creek,3m1f,2.0,3.25,4.0,0.29508883854985524,2024-02-02_15:05:00,2.0,True,3.25,-0.04096127471297051,4,-0.01820501098354245,kelly_low|ev_low|,0,False,0.0,0,0.0,11015.140869738661,11068.487160053093,53.346290314431826,0.0
2024-02-02,15:05:00,CATTERICK,Eleanor Bob,3m1f,4.0,4.0,3.91,0.2861474130631164,2024-02-02_15:05:00,3.0,True,4.0,0.14458965225246567,4,0.04819655075082189,,0,True,53.34629031443194,0,-53.34629031443194,11015.140869738661,11068.487160053093,53.346290314431826,-1.0
2024-02-02,16:10:00,CATTERICK,Letthedustsettle,1m7½f,1.0,1.91,2.12,0.326075630584564,2024-02-02_16:10:00,1.0,True,1.91,-0.3771955455834828,5,-0.4145005995422888,kelly_low|ev_low|,0,False,0.0,1,0.0,10947.392915612267,11068.487160053093,121.09424444082651,0.0
2024-02-02,16:10:00,CATTERICK,Belle Na Bann,1m7½f,4.0,4.0,4.1,0.22939118907982373,2024-02-02_16:10:00,2.0,True,4.0,-0.0824352436807051,5,-0.02747841456023503,kelly_low|ev_low|,0,False,0.0,0,0.0,10947.392915612267,11068.487160053093,121.09424444082651,0.0
2024-02-02,16:10:00,CATTERICK,Lenebane,1m7½f,3.0,6.5,7.16,0.2058883316367164,2024-02-02_16:10:00,3.0,True,6.5,0.3382741556386566,5,0.0615043919343012,,0,True,67.7479541263946,0,-67.7479541263946,10947.392915612267,11068.487160053093,121.09424444082651,-1.0
2024-02-12,15:00:00,CATTERICK,Val Dancer,3m1f,1.0,2.1,2.37,0.324644951123691,2024-02-12_15:00:00,1.0,True,2.1,-0.31824560264024876,4,-0.28931418421840793,kelly_low|ev_low|,0,False,0.0,1,0.0,10928.221551841976,11068.487160053093,140.26560821111707,0.0
2024-02-12,15:00:00,CATTERICK,Ideal Du Tabert,3m1f,,3.75,3.52,0.242464823703701,2024-02-12_15:00:00,3.0,True,3.75,-0.09075691111112116,4,-0.03300251313131679,kelly_low|ev_low|,0,False,0.0,0,0.0,10928.221551841976,11068.487160053093,140.26560821111707,0.0
2024-02-12,15:00:00,CATTERICK,Tom Cody,3m1f,2.0,4.33,5.07,0.24441474364614887,2024-02-12_15:00:00,2.0,True,4.33,0.058315839987824636,4,0.017512264260608,,0,True,19.17136377029099,0,-19.17136377029099,10928.221551841976,11068.487160053093,140.26560821111707,-1.0
2024-02-12,16:00:00,CATTERICK,Omar Maretti,3m1f,1.0,2.38,2.54,0.3328271960157231,2024-02-12_16:00:00,1.0,True,2.38,-0.2078712734825791,4,-0.15063135759607182,kelly_low|ev_low|,0,False,0.0,1,0.0,10845.730407408126,11068.487160053093,222.7567526449675,0.0
2024-02-12,16:00:00,CATTERICK,Bushypark,3m1f,,3.0,3.44,0.31722973103471847,2024-02-12_16:00:00,2.0,True,3.0,-0.04831080689584455,4,-0.024155403447922275,kelly_low|ev_low|,0,False,0.0,0,0.0,10845.730407408126,11068.487160053093,222.7567526449675,0.0
2024-02-12,16:00:00,CATTERICK,Floueur,3m1f,,9.0,10.77,0.17820845295317736,2024-02-12_16:00:00,3.0,True,9.0,0.6038760765785962,4,0.07548450957232453,,0,True,82.4911444338499,0,-82.4911444338499,10845.730407408126,11068.487160053093,222.7567526449675,-1.0
2024-02-27,14:50:00,CATTERICK,Prairie Wolf,2m3f,1.0,2.2,2.21,0.30612578128825413,2024-02-27_14:50:00,1.0,True,2.2,-0.3265232811658409,5,-0.27210273430486737,kelly_low|ev_low|,0,False,0.0,1,0.0,10772.23733303031,11068.487160053093,296.2498270227825,0.0
2024-02-27,14:50:00,CATTERICK,Cerendipity,2m3f,3.0,4.33,4.92,0.25687575742813806,2024-02-27_14:50:00,2.0,True,4.33,0.11227202966383787,5,0.03371532422337473,,0,True,36.56673171250791,0,-36.56673171250791,10772.23733303031,11068.487160053093,296.2498270227825,-1.0
2024-02-27,14:50:00,CATTERICK,Carrigeen Castle,2m3f,2.0,5.0,5.54,0.22723751469248066,2024-02-27_14:50:00,3.0,True,5.0,0.1361875734624033,5,0.03404689336560082,,0,True,36.92634266530788,0,-36.92634266530788,10772.23733303031,11068.487160053093,296.2498270227825,-1.0
2024-02-27,16:20:00,CATTERICK,Twoshotsoftequila,3m1f,1.0,2.25,2.36,0.30106870475620007,2024-02-27_16:20:00,1.0,True,2.25,-0.3225954142985499,5,-0.2580763314388399,kelly_low|ev_low|,0,False,0.0,1,0.0,10719.41855924885,11068.487160053093,349.06860080424303,0.0
2024-02-27,16:20:00,CATTERICK,Dr Kananga,3m1f,2.0,3.25,3.32,0.2564792717115984,2024-02-27_16:20:00,2.0,True,3.25,-0.1664423669373052,5,-0.07397438530546897,kelly_low|ev_low|,0,False,0.0,0,0.0,10719.41855924885,11068.487160053093,349.06860080424303,0.0
2024-02-27,16:20:00,CATTERICK,Mister Bells,3m1f,3.0,6.5,8.17,0.19533503605567698,2024-02-27_16:20:00,3.0,True,6.5,0.26967773436190035,5,0.04903231533852734,,0,True,52.818773781459896,0,-52.818773781459896,10719.41855924885,11068.487160053093,349.06860080424303,-1.0
2024-03-06,14:15:00,CATTERICK,Baron De Midleton,1m7½f,3.0,2.38,2.35,0.27328867266084794,2024-03-06_14:15:00,2.0,True,2.38,-0.349572959067182,6,-0.25331373845447974,kelly_low|ev_low|,0,False,0.0,0,0.0,11032.227757712619,11068.487160053093,36.25940234047448,0.0
2024-03-06,14:15:00,CATTERICK,Foveros,1m7½f,2.0,2.75,3.0,0.2740014911302132,2024-03-06_14:15:00,1.0,True,2.75,-0.24649589939191363,6,-0.14085479965252207,kelly_low|ev_low|,0,False,0.0,0,0.0,11032.227757712619,11068.487160053093,36.25940234047448,0.0
2024-03-06,14:15:00,CATTERICK,Believe Jack,1m7½f,1.0,7.5,9.8,0.17224206042330806,2024-03-06_14:15:00,3.0,True,7.5,0.2918154531748104,6,0.044894685103816986,,0,True,48.12449207134887,1,312.80919846376764,11032.227757712619,11068.487160053093,36.25940234047448,6.5
2024-03-06,14:45:00,CATTERICK,Master Breffni,2m3f,,4.33,4.45,0.21853130987212208,2024-03-06_14:45:00,1.0,True,4.33,-0.05375942825371138,6,-0.016143972448561975,kelly_low|ev_low|,0,False,0.0,0,0.0,11032.227757712619,11068.487160053093,36.25940234047448,0.0
2024-03-06,14:45:00,CATTERICK,Kings Justice,2m3f,,4.5,5.11,0.1794948818492636,2024-03-06_14:45:00,2.0,True,4.5,-0.19227303167831378,6,-0.054935151908089654,kelly_low|ev_low|,0,False,0.0,0,0.0,11032.227757712619,11068.487160053093,36.25940234047448,0.0
2024-03-06,14:45:00,CATTERICK,Bebside Banter,2m3f,2.0,5.0,5.5,0.17829149342848385,2024-03-06_14:45:00,3.0,True,5.0,-0.10854253285758075,6,-0.02713563321439519,kelly_low|ev_low|,0,False,0.0,0,0.0,11032.227757712619,11068.487160053093,36.25940234047448,0.0
2024-03-06,15:15:00,CATTERICK,Lily Du Berlais,1m7½f,2.0,1.53,1.58,0.4025981030959425,2024-03-06_15:15:00,1.0,True,1.53,-0.38402490226320796,6,-0.7245752872890716,kelly_low|ev_low|,0,False,0.0,0,0.0,11097.681485626352,11097.681485626352,0.0,0.0
2024-03-06,15:15:00,CATTERICK,Sweet Fantasy,1m7½f,1.0,4.0,4.23,0.2882404106486297,2024-03-06_15:15:00,2.0,True,4.0,0.15296164259451883,6,0.050987214198172946,,0,True,56.25025597655225,1,168.75076792965677,11097.681485626352,11097.681485626352,0.0,3.0000000000000004
2024-03-06,15:15:00,CATTERICK,Rialannah,1m7½f,4.0,8.0,9.47,0.2069280674755337,2024-03-06_15:15:00,3.0,True,8.0,0.6554245398042696,6,0.09363207711489566,,0,True,103.29704001592404,0,-103.29704001592404,11097.681485626352,11097.681485626352,0.0,-1.0
2024-04-24,14:47:00,CATTERICK,Northerner,5f,4.0,2.63,2.83,0.24513822537610702,2024-04-24_14:47:00,1.0,True,2.63,-0.3552864672608386,6,-0.21796715782873535,kelly_low|ev_low|,0,False,0.0,0,0.0,11163.576361377072,11163.576361377072,0.0,0.0
2024-04-24,14:47:00,CATTERICK,Moral Standards,5f,3.0,4.33,4.8,0.20837299141837085,2024-04-24_14:47:00,3.0,True,4.33,-0.09774494715845428,6,-0.029352836984520802,kelly_low|ev_low|,0,False,0.0,0,0.0,11163.576361377072,11163.576361377072,0.0,0.0
2024-04-24,14:47:00,CATTERICK,Restless Prince,5f,1.0,5.0,5.46,0.2118754310683844,2024-04-24_14:47:00,2.0,True,5.0,0.059377155341922006,6,0.014844288835480501,,0,True,16.47371893768019,1,65.89487575072076,11163.576361377072,11163.576361377072,0.0,4.0
2024-04-24,16:17:00,CATTERICK,Tyger Bay,6f,1.0,4.0,4.4,0.21871488842931947,2024-04-24_16:17:00,2.0,True,4.0,-0.12514044628272214,5,-0.041713482094240716,kelly_low|ev_low|,0,False,0.0,1,0.0,11163.576361377072,11163.576361377072,0.0,0.0
2024-04-24,16:17:00,CATTERICK,Alafdhal,6f,5.0,4.0,4.2,0.23177214294651405,2024-04-24_16:17:00,1.0,True,4.0,-0.07291142821394381,5,-0.024303809404647936,kelly_low|ev_low|,0,False,0.0,0,0.0,11163.576361377072,11163.576361377072,0.0,0.0
2024-04-24,16:17:00,CATTERICK,Little Muddy,6f,4.0,4.2,4.67,0.2106761453878674,2024-04-24_16:17:00,3.0,True,4.2,-0.11516018937095696,5,-0.03598755917842405,kelly_low|ev_low|,0,False,0.0,0,0.0,11163.576361377072,11163.576361377072,0.0,0.0
2024-04-30,19:55:00,CATTERICK,Kodi Lion,6f,1.0,1.57,1.6,0.31874945776307073,2024-04-30_19:55:00,1.0,True,1.57,-0.49956335131197893,6,-0.8764269321262788,kelly_low|ev_low|,0,False,0.0,1,0.0,11030.822581444969,11163.576361377072,132.7537799321035,0.0
2024-04-30,19:55:00,CATTERICK,Moral Standards,6f,4.0,6.5,7.61,0.18628722385769023,2024-04-30_19:55:00,2.0,True,6.5,0.21086695507498643,6,0.03833944637727026,,0,True,42.80053372855782,0,-42.80053372855782,11030.822581444969,11163.576361377072,132.7537799321035,-1.0
2024-04-30,19:55:00,CATTERICK,Cash In,6f,3.0,9.5,13.87,0.17735876672107395,2024-04-30_19:55:00,3.0,True,9.5,0.6849082838502026,6,0.08057744515884736,,0,True,89.95324620354658,0,-89.95324620354658,11030.822581444969,11163.576361377072,132.7537799321035,-1.0
2024-04-30,20:25:00,CATTERICK,Slainte Mhath,6f,3.0,3.25,3.7,0.22817617056664596,2024-04-30_20:25:00,1.0,True,3.25,-0.2584274456584006,6,-0.1148566425148447,kelly_low|ev_low|,0,False,0.0,0,0.0,11030.822581444969,11163.576361377072,132.7537799321035,0.0
2024-04-30,20:25:00,CATTERICK,Highjacked,6f,1.0,4.33,4.9,0.21962914047291404,2024-04-30_20:25:00,2.0,True,4.33,-0.049005821752282186,6,-0.014716462988673329,kelly_low|ev_low|,0,False,0.0,1,0.0,11030.822581444969,11163.576361377072,132.7537799321035,0.0
2024-04-30,20:25:00,CATTERICK,Crypto Quest,6f,2.0,4.5,4.8,0.20701971061033847,2024-04-30_20:25:00,3.0,True,4.5,-0.06841130225347691,6,-0.01954608635813626,kelly_low|ev_low|,0,False,0.0,0,0.0,11030.822581444969,11163.576361377072,132.7537799321035,0.0
2024-05-23,14:10:00,CATTERICK,Harswell Dandy,5f,3.0,2.38,2.61,0.3176353538445759,2024-05-23_14:10:00,2.0,True,2.38,-0.24402785784990927,4,-0.17683178105065891,kelly_low|ev_low|,0,False,0.0,0,0.0,10948.896136648218,11163.576361377072,214.68022472885423,0.0
2024-05-23,14:10:00,CATTERICK,Brazilian Belle,5f,1.0,2.63,2.71,0.3319076177388389,2024-05-23_14:10:00,1.0,True,2.63,-0.1270829653468537,4,-0.07796500941524767,kelly_low|ev_low|,0,False,0.0,1,0.0,10948.896136648218,11163.576361377072,214.68022472885423,0.0
2024-05-23,14:10:00,CATTERICK,Sybaris Jewel,5f,4.0,4.33,4.8,0.28806482363497943,2024-05-23_14:10:00,3.0,True,4.33,0.24732068633946092,4,0.07427047637821649,,0,True,81.92644479675057,0,-81.92644479675057,10948.896136648218,11163.576361377072,214.68022472885423,-1.0
2024-05-23,16:10:00,CATTERICK,Dazy Mazy,6f,2.0,2.75,2.86,0.2657746002106354,2024-05-23_16:10:00,1.0,True,2.75,-0.2691198494207526,6,-0.15378277109757293,kelly_low|ev_low|,0,False,0.0,0,0.0,10931.969127307655,11163.576361377072,231.60723406941725,0.0
2024-05-23,16:10:00,CATTERICK,White Umbrella,6f,4.0,4.0,4.0,0.20880674537942331,2024-05-23_16:10:00,3.0,True,4.0,-0.16477301848230674,6,-0.05492433949410225,kelly_low|ev_low|,0,False,0.0,0,0.0,10931.969127307655,11163.576361377072,231.60723406941725,0.0
2024-05-23,16:10:00,CATTERICK,Canaria Queen,6f,5.0,5.0,6.2,0.2123680116273316,2024-05-23_16:10:00,2.0,True,5.0,0.06184005813665805,6,0.015460014534164512,,0,True,16.927009340563913,0,-16.927009340563913,10931.969127307655,11163.576361377072,231.60723406941725,-1.0
2024-05-23,16:40:00,CATTERICK,Cues Beau,7f,5.0,3.0,3.15,0.2392117008279427,2024-05-23_16:40:00,1.0,True,3.0,-0.28236489751617183,6,-0.14118244875808592,kelly_low|ev_low|,0,False,0.0,0,0.0,10931.969127307655,11163.576361377072,231.60723406941725,0.0
2024-05-23,16:40:00,CATTERICK,Lokana,7f,3.0,4.33,5.11,0.22325359835103203,2024-05-23_16:40:00,2.0,True,4.33,-0.03331191914003129,6,-0.010003579321330718,kelly_low|ev_low|,0,False,0.0,0,0.0,10931.969127307655,11163.576361377072,231.60723406941725,0.0
2024-05-23,16:40:00,CATTERICK,Happier,7f,2.0,4.5,4.92,0.20045638856723214,2024-05-23_16:40:00,3.0,True,4.5,-0.09794625144745539,6,-0.02798464327070154,kelly_low|ev_low|,0,False,0.0,0,0.0,10931.969127307655,11163.576361377072,231.60723406941725,0.0
2024-05-31,18:25:00,CATTERICK,Military Girl,5f,1.0,1.83,2.05,0.32575953852157263,2024-05-31_18:25:00,1.0,True,1.83,-0.4038600445055221,4,-0.486578366874123,kelly_low|ev_low|,0,False,0.0,1,0.0,10860.263728656488,11163.576361377072,303.3126327205846,0.0
2024-05-31,18:25:00,CATTERICK,Henrys Rose,5f,4.0,4.0,4.63,0.25327343656475415,2024-05-31_18:25:00,2.0,True,4.0,0.013093746259016603,4,0.004364582086338868,,0,True,4.771347662145653,0,-4.771347662145653,10860.263728656488,11163.576361377072,303.3126327205846,-1.0
2024-05-31,18:25:00,CATTERICK,Sonic Si,5f,2.0,5.5,6.0,0.23191366132303445,2024-05-31_18:25:00,3.0,True,5.5,0.2755251372766895,4,0.06122780828370877,,0,True,66.93405098902161,0,-66.93405098902161,10860.263728656488,11163.576361377072,303.3126327205846,-1.0
2024-05-31,19:25:00,CATTERICK,Lord Torranaga,1m6f,1.0,2.88,2.95,0.26720062495152336,2024-05-31_19:25:00,1.0,True,2.88,-0.23046220013961283,5,-0.12258627667000684,kelly_low|ev_low|,0,False,0.0,1,0.0,10852.906514523147,11163.576361377072,310.66984685392526,0.0
2024-05-31,19:25:00,CATTERICK,Sugarpiehoneybunch,1m6f,2.0,3.0,3.05,0.24173129429332127,2024-05-31_19:25:00,2.0,True,3.0,-0.27480611712003616,5,-0.13740305856001808,kelly_low|ev_low|,0,False,0.0,0,0.0,10852.906514523147,11163.576361377072,310.66984685392526,0.0
2024-05-31,19:25:00,CATTERICK,Peripeteia,1m6f,4.0,4.33,4.91,0.23615678191088127,2024-05-31_19:25:00,3.0,True,4.33,0.022558865674115913,5,0.006774434136371145,,0,True,7.357214133340389,0,-7.357214133340389,10852.906514523147,11163.576361377072,310.66984685392526,-1.0
2024-05-31,19:55:00,CATTERICK,Seantrabh,5f,4.0,1.91,1.99,0.2757090189382422,2024-05-31_19:55:00,1.0,True,1.91,-0.47339577382795744,6,-0.5202151360746785,kelly_low|ev_low|,0,False,0.0,0,0.0,11038.332192101652,11163.576361377072,125.24416927542006,0.0
2024-05-31,19:55:00,CATTERICK,Albegone,5f,1.0,5.5,6.69,0.21778917672045264,2024-05-31_19:55:00,2.0,True,5.5,0.19784047196248955,6,0.04396454932499768,,0,True,47.714314377734155,1,214.71441469980368,11038.332192101652,11163.576361377072,125.24416927542006,4.5
2024-05-31,19:55:00,CATTERICK,Ecclesiastical,5f,5.0,9.5,10.88,0.12940941965981656,2024-05-31_19:55:00,3.0,True,9.5,0.22938948676825732,6,0.02698699844332439,,0,True,29.28873712129813,0,-29.28873712129813,11038.332192101652,11163.576361377072,125.24416927542006,-1.0
2024-06-18,17:25:00,CATTERICK,Infinite Honour,1m4f,1.0,2.38,2.51,0.24418898955117632,2024-06-18_17:25:00,1.0,True,2.38,-0.4188302048682004,6,-0.30350014845521767,kelly_low|ev_low|,0,False,0.0,1,0.0,11020.545328718956,11163.576361377072,143.0310326581166,0.0
2024-06-18,17:25:00,CATTERICK,Made In China,1m4f,3.0,5.5,6.03,0.1861682301073726,2024-06-18_17:25:00,2.0,True,5.5,0.023925265590549305,6,0.005316725686788735,,0,True,5.868778430505386,0,-5.868778430505386,11020.545328718956,11163.576361377072,143.0310326581166,-1.0
2024-06-18,17:25:00,CATTERICK,Little Venice,1m4f,2.0,6.5,6.51,0.162982075148015,2024-06-18_17:25:00,3.0,True,6.5,0.05938348846209751,6,0.010796997902199547,,0,True,11.918084952190327,0,-11.918084952190327,11020.545328718956,11163.576361377072,143.0310326581166,-1.0
2024-07-10,15:50:00,CATTERICK,Unmistakeable,5f,6.0,4.2,4.14,0.19318593888111993,2024-07-10_15:50:00,1.0,True,4.2,-0.18861905669929624,6,-0.058943455218530075,kelly_low|ev_low|,0,False,0.0,0,0.0,11020.545328718956,11163.576361377072,143.0310326581166,0.0
2024-07-10,15:50:00,CATTERICK,Unthinkable,5f,3.0,5.0,6.2,0.1785759928673832,2024-07-10_15:50:00,2.0,True,5.0,-0.10712003566308392,6,-0.02678000891577098,kelly_low|ev_low|,0,False,0.0,0,0.0,11020.545328718956,11163.576361377072,143.0310326581166,0.0
2024-07-10,15:50:00,CATTERICK,Super Dino,5f,5.0,6.0,6.53,0.16135748230843944,2024-07-10_15:50:00,3.0,True,6.0,-0.03185510614936349,6,-0.006371021229872697,kelly_low|ev_low|,0,False,0.0,0,0.0,11020.545328718956,11163.576361377072,143.0310326581166,0.0
2024-07-24,14:40:00,CATTERICK,Easy Peeler,6f,1.0,1.83,2.09,0.28981473547504716,2024-07-24_14:40:00,1.0,True,1.83,-0.46963903408066376,6,-0.5658301615429684,kelly_low|ev_low|,0,False,0.0,1,0.0,10965.744366121433,11163.576361377072,197.8319952556394,0.0
2024-07-24,14:40:00,CATTERICK,Kamara Queen,6f,6.0,4.5,5.1,0.2156245303247616,2024-07-24_14:40:00,2.0,True,4.5,-0.0296896135385728,6,-0.008482746725306514,kelly_low|ev_low|,0,False,0.0,0,0.0,10965.744366121433,11163.576361377072,197.8319952556394,0.0
2024-07-24,14:40:00,CATTERICK,Lunar Force,6f,3.0,8.0,10.5,0.16851040791772373,2024-07-24_14:40:00,3.0,True,8.0,0.34808326334178985,6,0.04972618047739855,,0,True,54.80096259752304,0,-54.80096259752304,10965.744366121433,11163.576361377072,197.8319952556394,-1.0
2024-07-24,16:40:00,CATTERICK,Knights Affair,1m4f,4.0,3.0,3.49,0.26579537354433536,2024-07-24_16:40:00,1.0,True,3.0,-0.20261387936699393,5,-0.10130693968349697,kelly_low|ev_low|,0,False,0.0,0,0.0,10919.470080071374,11163.576361377072,244.10628130569785,0.0
2024-07-24,16:40:00,CATTERICK,Prince Maxi,1m4f,3.0,4.33,4.5,0.23376637188942728,2024-07-24_16:40:00,2.0,True,4.33,0.012208390281220116,5,0.0036661832676336686,,0,True,4.020242851222257,0,-4.020242851222257,10919.470080071374,11163.576361377072,244.10628130569785,-1.0
2024-07-24,16:40:00,CATTERICK,Freddy Robinson,1m4f,2.0,5.5,5.16,0.2133449881485986,2024-07-24_16:40:00,3.0,True,5.5,0.1733974348172923,5,0.03853276329273162,,0,True,42.25404319883625,0,-42.25404319883625,10919.470080071374,11163.576361377072,244.10628130569785,-1.0
2024-08-19,15:45:00,CATTERICK,LEagle Aid,1m4f,1.0,2.0,2.03,0.38465035627979516,2024-08-19_15:45:00,2.0,True,2.0,-0.23069928744040968,5,-0.23069928744040968,kelly_low|ev_low|,0,False,0.0,1,0.0,10919.470080071374,11163.576361377072,244.10628130569785,0.0
2024-08-19,15:45:00,CATTERICK,Vinnys Dream,1m4f,3.0,2.1,2.38,0.38677402522406834,2024-08-19_15:45:00,1.0,True,2.1,-0.18777454702945645,5,-0.17070413366314222,kelly_low|ev_low|,0,False,0.0,0,0.0,10919.470080071374,11163.576361377072,244.10628130569785,0.0
2024-08-19,15:45:00,CATTERICK,Albert Lasker,1m4f,2.0,19.0,19.77,0.10962859369432894,2024-08-19_15:45:00,3.0,True,19.0,1.08294328019225,5,0.060163515566236114,odds_high|,0,False,0.0,0,0.0,10919.470080071374,11163.576361377072,244.10628130569785,0.0
2024-08-19,16:15:00,CATTERICK,Glory Fighter,5f,3.0,3.25,3.6,0.24913617900192875,2024-08-19_16:15:00,1.0,True,3.25,-0.19030741824373154,6,-0.0845810747749918,kelly_low|ev_low|,0,False,0.0,0,0.0,10919.470080071374,11163.576361377072,244.10628130569785,0.0
2024-08-19,16:15:00,CATTERICK,Birkenhead,5f,1.0,3.25,3.4,0.20401382801162016,2024-08-19_16:15:00,3.0,True,3.25,-0.3369550589622345,6,-0.14975780398321534,kelly_low|ev_low|,0,False,0.0,1,0.0,10919.470080071374,11163.576361377072,244.10628130569785,0.0
2024-08-19,16:15:00,CATTERICK,Macanudo,5f,2.0,4.0,4.6,0.22018138890843336,2024-08-19_16:15:00,2.0,True,4.0,-0.11927444436626655,6,-0.03975814812208885,kelly_low|ev_low|,0,False,0.0,0,0.0,10919.470080071374,11163.576361377072,244.10628130569785,0.0
2024-08-28,14:45:00,CATTERICK,Flight Radar,7f,1.0,1.04,1.05,0.663216433259395,2024-08-28_14:45:00,1.0,True,1.04,-0.3102549094102291,4,-7.75637273525572,kelly_low|ev_low|,0,False,0.0,1,0.0,10919.470080071374,11163.576361377072,244.10628130569785,0.0
2024-08-28,14:45:00,CATTERICK,Man Of AAn,7f,3.0,15.0,25.25,0.21411608192162496,2024-08-28_14:45:00,2.0,True,15.0,2.2117412288243745,4,0.15798151634459817,odds_high|,0,False,0.0,0,0.0,10919.470080071374,11163.576361377072,244.10628130569785,0.0
2024-08-28,14:45:00,CATTERICK,Zousca,7f,2.0,34.0,70.71,0.06440643535711611,2024-08-28_14:45:00,3.0,True,34.0,1.1898188021419478,4,0.03605511521642266,odds_high|,0,False,0.0,0,0.0,10919.470080071374,11163.576361377072,244.10628130569785,0.0
2024-08-28,16:55:00,CATTERICK,Night On Earth,5f,1.0,3.13,3.39,0.264762429212255,2024-08-28_16:55:00,2.0,True,3.13,-0.1712935965656418,5,-0.0804195289040572,kelly_low|ev_low|,0,False,0.0,1,0.0,10915.875379556464,11163.576361377072,247.70098182060792,0.0
2024-08-28,16:55:00,CATTERICK,Ready Freddie Go,5f,4.0,3.75,4.07,0.2690808073636088,2024-08-28_16:55:00,1.0,True,3.75,0.009053027613532993,5,0.003292010041284725,,0,True,3.594700514910309,0,-3.594700514910309,10915.875379556464,11163.576361377072,247.70098182060792,-1.0
2024-08-28,16:55:00,CATTERICK,Albegone,5f,2.0,4.0,4.52,0.24698987709822104,2024-08-28_16:55:00,3.0,True,4.0,-0.012040491607115844,5,-0.004013497202371948,kelly_low|ev_low|,0,False,0.0,0,0.0,10915.875379556464,11163.576361377072,247.70098182060792,0.0
2024-10-19,13:00:00,CATTERICK,Glowchester,6f,2.0,1.8,1.92,0.33932849469595805,2024-10-19_13:00:00,1.0,True,1.8,-0.3892087095472755,6,-0.48651088693409433,kelly_low|ev_low|,0,False,0.0,0,0.0,10818.882109998873,11163.576361377072,344.6942513781996,0.0
2024-10-19,13:00:00,CATTERICK,Cash In,6f,5.0,3.25,3.45,0.2645346082400819,2024-10-19_13:00:00,2.0,True,3.25,-0.14026252321973387,6,-0.06233889920877061,kelly_low|ev_low|,0,False,0.0,0,0.0,10818.882109998873,11163.576361377072,344.6942513781996,0.0
2024-10-19,13:00:00,CATTERICK,Safanah,6f,3.0,11.0,13.5,0.1716865792294039,2024-10-19_13:00:00,3.0,True,11.0,0.8885523715234428,6,0.08885523715234428,,0,True,96.99326955759258,0,-96.99326955759258,10818.882109998873,11163.576361377072,344.6942513781996,-1.0
2024-10-29,12:40:00,CATTERICK,Farandaway,5f,2.0,1.73,1.85,0.38233965424060723,2024-10-29_12:40:00,1.0,True,1.73,-0.3385523981637495,4,-0.4637704084434925,kelly_low|ev_low|,0,False,0.0,0,0.0,11036.040420134248,11163.576361377072,127.53594124282426,0.0
2024-10-29,12:40:00,CATTERICK,Genius Mistake,5f,3.0,3.75,4.1,0.30431896535198993,2024-10-29_12:40:00,2.0,True,3.75,0.1411961200699623,4,0.05134404366180447,,0,True,55.54851554276975,0,-55.54851554276975,11036.040420134248,11163.576361377072,127.53594124282426,-1.0
2024-10-29,12:40:00,CATTERICK,Hi Lord,5f,1.0,5.0,5.9,0.2504131245549129,2024-10-29_12:40:00,3.0,True,5.0,0.25206562277456435,4,0.06301640569364109,,0,True,68.17670641953647,1,272.7068256781459,11036.040420134248,11163.576361377072,127.53594124282426,4.0
2024-10-29,13:12:00,CATTERICK,Fortunate Star,5f,3.0,1.73,1.78,0.30795831472261104,2024-10-29_13:12:00,1.0,True,1.73,-0.4672321155298829,6,-0.640043993876552,kelly_low|ev_low|,0,False,0.0,0,0.0,10951.61342202849,11163.576361377072,211.96293934858295,0.0
2024-10-29,13:12:00,CATTERICK,Kyber Crystal,5f,2.0,4.33,4.56,0.21972154582396272,2024-10-29_13:12:00,2.0,True,4.33,-0.04860570658224139,6,-0.014596308282955373,kelly_low|ev_low|,0,False,0.0,0,0.0,10951.61342202849,11163.576361377072,211.96293934858295,0.0
2024-10-29,13:12:00,CATTERICK,Too Much Too Young,5f,4.0,8.5,9.83,0.18514808931758997,2024-10-29_13:12:00,3.0,True,8.5,0.5737587591995147,6,0.07650116789326862,,0,True,84.42699810575888,0,-84.42699810575888,10951.61342202849,11163.576361377072,211.96293934858295,-1.0
2024-11-22,12:05:00,CATTERICK,You Some Girl,3m1½f,1.0,1.36,1.41,0.4276206068839405,2024-11-22_12:05:00,1.0,True,1.36,-0.4184359746378408,4,-1.1623221517717797,kelly_low|ev_low|,0,False,0.0,1,0.0,10761.743779456536,11163.576361377072,401.83258192053654,0.0
2024-11-22,12:05:00,CATTERICK,Planet Legend,3m1½f,2.0,5.0,6.17,0.27021150504359154,2024-11-22_12:05:00,2.0,True,5.0,0.35105752521795774,4,0.08776438130448944,,0,True,96.11615762702728,0,-96.11615762702728,10761.743779456536,11163.576361377072,401.83258192053654,-1.0
2024-11-22,12:05:00,CATTERICK,Captain Potter,3m1½f,,11.0,15.0,0.1687336429404736,2024-11-22_12:05:00,3.0,True,11.0,0.8560700723452095,4,0.08560700723452094,,0,True,93.75348494492697,0,-93.75348494492697,10761.743779456536,11163.576361377072,401.83258192053654,-1.0
2024-11-22,13:15:00,CATTERICK,Suitably Surprised,2m3f,2.0,1.91,2.03,0.45323930463910544,2024-11-22_13:15:00,1.0,True,1.91,-0.13431292813930862,4,-0.14759662432891058,kelly_low|ev_low|,0,False,0.0,0,0.0,10761.743779456536,11163.576361377072,401.83258192053654,0.0
2024-11-22,13:15:00,CATTERICK,Imperial Rule,2m3f,1.0,2.1,2.27,0.438339602330169,2024-11-22_13:15:00,2.0,True,2.1,-0.07948683510664506,4,-0.07226075918785914,kelly_low|ev_low|,0,False,0.0,1,0.0,10761.743779456536,11163.576361377072,401.83258192053654,0.0
2024-11-22,13:15:00,CATTERICK,Hazard Collonges,2m3f,4.0,19.0,22.28,0.08650944428330057,2024-11-22_13:15:00,3.0,True,19.0,0.6436794413827107,4,0.03575996896570615,odds_high|,0,False,0.0,0,0.0,10761.743779456536,11163.576361377072,401.83258192053654,0.0
2024-11-22,13:50:00,CATTERICK,Duke Of Luckley,2m3f,1.0,2.75,2.81,0.2754990564403185,2024-11-22_13:50:00,1.0,True,2.75,-0.24237759478912402,5,-0.13850148273664228,kelly_low|ev_low|,0,False,0.0,1,0.0,10757.255691371623,11163.576361377072,406.32067000544885,0.0
2024-11-22,13:50:00,CATTERICK,Peejaybee,2m3f,2.0,3.25,3.45,0.2506177865019072,2024-11-22_13:50:00,2.0,True,3.25,-0.18549219386880156,5,-0.0824409750528007,kelly_low|ev_low|,0,False,0.0,0,0.0,10757.255691371623,11163.576361377072,406.32067000544885,0.0
2024-11-22,13:50:00,CATTERICK,Ribeye,2m3f,3.0,4.33,4.81,0.23415414881376898,2024-11-22_13:50:00,3.0,True,4.33,0.01388746436361965,5,0.0041704097188047,,0,True,4.488088084913156,0,-4.488088084913156,10757.255691371623,11163.576361377072,406.32067000544885,-1.0
2024-11-22,15:32:00,CATTERICK,Mighty Gesture,1m7½f,2.0,2.5,3.15,0.32177739391222,2024-11-22_15:32:00,1.0,True,2.5,-0.19555651521945006,5,-0.13037101014630004,kelly_low|ev_low|,0,False,0.0,0,0.0,10719.163915288,11163.576361377072,444.41244608907255,0.0
2024-11-22,15:32:00,CATTERICK,Kids Say Lastgojoe,1m7½f,1.0,2.63,2.62,0.29760756556643564,2024-11-22_15:32:00,2.0,True,2.63,-0.21729210256027431,5,-0.1333080383805364,kelly_low|ev_low|,0,False,0.0,1,0.0,10719.163915288,11163.576361377072,444.41244608907255,0.0
2024-11-22,15:32:00,CATTERICK,Dermos Boy,1m7½f,3.0,3.75,4.4,0.29263422747345963,2024-11-22_15:32:00,3.0,True,3.75,0.09737835302547371,5,0.035410310191081346,,0,True,38.091776083624445,0,-38.091776083624445,10719.163915288,11163.576361377072,444.41244608907255,-1.0
2024-12-17,15:29:00,CATTERICK,Kosac DOudairies,1m7½f,3.0,1.83,1.92,0.3431096715201554,2024-12-17_15:29:00,1.0,True,1.83,-0.37210930111811563,6,-0.44832445917845254,kelly_low|ev_low|,0,False,0.0,0,0.0,10645.61287269468,11163.576361377072,517.9634886823915,0.0
2024-12-17,15:29:00,CATTERICK,Moonbow,1m7½f,1.0,3.0,3.45,0.28093730931890376,2024-12-17_15:29:00,2.0,True,3.0,-0.15718807204328866,6,-0.07859403602164433,kelly_low|ev_low|,0,False,0.0,1,0.0,10645.61287269468,11163.576361377072,517.9634886823915,0.0
2024-12-17,15:29:00,CATTERICK,Ballynoe Boy,1m7½f,2.0,8.5,9.51,0.17819094011099723,2024-12-17_15:29:00,3.0,True,8.5,0.5146229909434764,6,0.06861639879246352,,0,True,73.5510425933186,0,-73.5510425933186,10645.61287269468,11163.576361377072,517.9634886823915,-1.0
2024-12-28,13:33:00,CATTERICK,Pescatorius,1m7½f,1.0,3.75,4.4,0.21506597844242517,2024-12-28_13:33:00,3.0,True,3.75,-0.19350258084090566,6,-0.07036457485123843,kelly_low|ev_low|,0,False,0.0,1,0.0,10645.61287269468,11163.576361377072,517.9634886823915,0.0
2024-12-28,13:33:00,CATTERICK,Cofficionado,1m7½f,2.0,3.75,4.22,0.22570323290052746,2024-12-28_13:33:00,1.0,True,3.75,-0.15361287662302192,6,-0.05585922786291706,kelly_low|ev_low|,0,False,0.0,0,0.0,10645.61287269468,11163.576361377072,517.9634886823915,0.0
2024-12-28,13:33:00,CATTERICK,Mr Mahler,1m7½f,4.0,3.75,4.1,0.22533224608390717,2024-12-28_13:33:00,2.0,True,3.75,-0.15500407718534814,6,-0.056365118976490235,kelly_low|ev_low|,0,False,0.0,0,0.0,10645.61287269468,11163.576361377072,517.9634886823915,0.0
2025-01-01,12:45:00,CATTERICK,Its All About You,2m3½f,1.0,1.83,2.04,0.45109424699046224,2025-01-01_12:45:00,1.0,True,1.83,-0.1744975280074541,6,-0.2102379855511495,kelly_low|ev_low|,0,False,0.0,1,0.0,10645.61287269468,11163.576361377072,517.9634886823915,0.0
2025-01-01,12:45:00,CATTERICK,Dance And Glance,2m3½f,3.0,2.0,2.06,0.42664584321263016,2025-01-01_12:45:00,2.0,True,2.0,-0.14670831357473973,6,-0.14670831357473973,kelly_low|ev_low|,0,False,0.0,0,0.0,10645.61287269468,11163.576361377072,517.9634886823915,0.0
2025-01-01,12:45:00,CATTERICK,King Casey,2m3½f,,29.0,73.83,0.08082673417388637,2025-01-01_12:45:00,3.0,True,29.0,1.3439752910427047,6,0.047999117537239455,odds_high|,0,False,0.0,0,0.0,10645.61287269468,11163.576361377072,517.9634886823915,0.0
2025-01-01,13:20:00,CATTERICK,Beat The Edge,2m3f,1.0,2.0,2.15,0.33694034270427314,2025-01-01_13:20:00,2.0,True,2.0,-0.32611931459145366,4,-0.32611931459145366,kelly_low|ev_low|,0,False,0.0,1,0.0,10549.991166503245,11163.576361377072,613.5851948738273,0.0
2025-01-01,13:20:00,CATTERICK,Bebside Banter,2m3f,4.0,2.38,2.62,0.33956233205473874,2025-01-01_13:20:00,1.0,True,2.38,-0.19184164970972184,4,-0.13901568819545063,kelly_low|ev_low|,0,False,0.0,0,0.0,10549.991166503245,11163.576361377072,613.5851948738273,0.0
2025-01-01,13:20:00,CATTERICK,Just Gino,2m3f,2.0,7.0,7.61,0.2198479778893172,2025-01-01_13:20:00,3.0,True,7.0,0.5389358452252204,4,0.08982264087087007,,0,True,95.62170619143657,0,-95.62170619143657,10549.991166503245,11163.576361377072,613.5851948738273,-1.0
2025-01-01,13:55:00,CATTERICK,Stressfree,1m7½f,3.0,2.5,2.5,0.3354941947502792,2025-01-01_13:55:00,1.0,True,2.5,-0.161264513124302,5,-0.10750967541620134,kelly_low|ev_low|,0,False,0.0,0,0.0,10913.059958143214,11163.576361377072,250.516403233858,0.0
2025-01-01,13:55:00,CATTERICK,Pigeon House,1m7½f,2.0,2.63,2.65,0.2508254987297556,2025-01-01_13:55:00,2.0,True,2.63,-0.3403289383407428,5,-0.20879075971824712,kelly_low|ev_low|,0,False,0.0,0,0.0,10913.059958143214,11163.576361377072,250.516403233858,0.0
2025-01-01,13:55:00,CATTERICK,How About No,1m7½f,1.0,5.5,6.17,0.24438933143250233,2025-01-01_13:55:00,3.0,True,5.5,0.34414132287876287,5,0.07647584952861397,,0,True,80.68195369777088,1,363.06879163996894,10913.059958143214,11163.576361377072,250.516403233858,4.5
2025-01-01,15:39:00,CATTERICK,Maghlaak,1m7½f,1.0,1.91,1.93,0.34088686397338447,2025-01-01_15:39:00,1.0,True,1.91,-0.34890608981083576,5,-0.38341328550641296,kelly_low|ev_low|,0,False,0.0,1,0.0,10855.220287016991,11163.576361377072,308.35607436008104,0.0
2025-01-01,15:39:00,CATTERICK,Restandbethankful,1m7½f,4.0,3.75,3.96,0.2333680742947705,2025-01-01_15:39:00,3.0,True,3.75,-0.12486972139461072,5,-0.04540717141622208,kelly_low|ev_low|,0,False,0.0,0,0.0,10855.220287016991,11163.576361377072,308.35607436008104,0.0
2025-01-01,15:39:00,CATTERICK,Walk In The Valley,1m7½f,3.0,5.0,6.28,0.24240033233433325,2025-01-01_15:39:00,2.0,True,5.0,0.21200166167166623,5,0.05300041541791656,,0,True,57.83967112622214,0,-57.83967112622214,10855.220287016991,11163.576361377072,308.35607436008104,-1.0
2025-01-22,13:08:00,CATTERICK,Champagnesuperover,3m1f,,1.91,2.08,0.28515098428319563,2025-01-22_13:08:00,1.0,True,1.91,-0.45536162001909636,6,-0.5003973846363696,kelly_low|ev_low|,0,False,0.0,0,0.0,10978.256074067014,11163.576361377072,185.32028731005812,0.0
2025-01-22,13:08:00,CATTERICK,Skyhill,3m1f,4.0,4.5,5.27,0.19714545163743108,2025-01-22_13:08:00,3.0,True,4.5,-0.11284546763156011,6,-0.03224156218044575,kelly_low|ev_low|,0,False,0.0,0,0.0,10978.256074067014,11163.576361377072,185.32028731005812,0.0
2025-01-22,13:08:00,CATTERICK,Siberian Star,3m1f,1.0,5.0,5.4,0.22266850119977308,2025-01-22_13:08:00,2.0,True,5.0,0.11334250599886542,6,0.028335626499716354,,0,True,30.758946762505722,1,123.03578705002289,10978.256074067014,11163.576361377072,185.32028731005812,4.0
2025-02-10,15:30:00,CATTERICK,Ideallko,2m3f,2.0,1.57,1.65,0.32216546280734687,2025-02-10_15:30:00,1.0,True,1.57,-0.49420022339246533,6,-0.8670179357762549,kelly_low|ev_low|,0,False,0.0,0,0.0,11100.494994258324,11163.576361377072,63.08136711874795,0.0
2025-02-10,15:30:00,CATTERICK,Onesoc,2m3f,1.0,5.0,5.9,0.23123275415562813,2025-02-10_15:30:00,2.0,True,5.0,0.1561637707781407,6,0.039040942694535175,,0,True,42.860146627358304,1,171.44058650943322,11100.494994258324,11163.576361377072,63.08136711874795,4.0
2025-02-10,15:30:00,CATTERICK,Tanking Along,2m3f,,10.0,11.2,0.1403356410959602,2025-02-10_15:30:00,3.0,True,10.0,0.40335641095960195,6,0.04481737899551133,,0,True,49.20166631812357,0,-49.20166631812357,11100.494994258324,11163.576361377072,63.08136711874795,-1.0
2025-02-10,16:30:00,CATTERICK,Count Of Vendome,1m7½f,1.0,2.2,2.23,0.3090355029894149,2025-02-10_16:30:00,1.0,True,2.2,-0.3201218934232871,5,-0.2667682445194059,kelly_low|ev_low|,0,False,0.0,1,0.0,11024.11720351115,11163.576361377072,139.45915786592195,0.0
2025-02-10,16:30:00,CATTERICK,White Riot,1m7½f,2.0,2.88,2.93,0.2570044459192034,2025-02-10_16:30:00,2.0,True,2.88,-0.25982719575269425,5,-0.13820595518760334,kelly_low|ev_low|,0,False,0.0,0,0.0,11024.11720351115,11163.576361377072,139.45915786592195,0.0
2025-02-10,16:30:00,CATTERICK,American Empire,1m7½f,3.0,9.5,15.0,0.1668261993045567,2025-02-10_16:30:00,3.0,True,9.5,0.5848488933932886,5,0.06880575216391631,,0,True,76.37779074717318,0,-76.37779074717318,11024.11720351115,11163.576361377072,139.45915786592195,-1.0
2025-03-05,14:55:00,CATTERICK,Magical Annie,1m7½f,,1.06,1.07,0.6712252451051911,2025-03-05_14:55:00,1.0,True,1.06,-0.2885012401884974,4,-4.808354003141619,kelly_low|ev_low|,0,False,0.0,0,0.0,12702.761391641776,12702.761391641776,0.0,0.0
2025-03-05,14:55:00,CATTERICK,Assorda,1m7½f,1.0,10.0,22.41,0.25227016886177356,2025-03-05_14:55:00,2.0,True,10.0,1.5227016886177358,4,0.16918907651308177,,0,True,186.5160209034029,1,1678.6441881306262,12702.761391641776,12702.761391641776,0.0,9.0
2025-03-05,14:55:00,CATTERICK,Carrigeen Ardisia,1m7½f,3.0,51.0,150.0,0.04839883100917667,2025-03-05_14:55:00,3.0,True,51.0,1.46834038146801,4,0.0293668076293602,odds_high|,0,False,0.0,0,0.0,12702.761391641776,12702.761391641776,0.0,0.0
2025-03-05,15:25:00,CATTERICK,Treaty Boy,1m7½f,2.0,1.83,1.89,0.3809169020537753,2025-03-05_15:25:00,1.0,True,1.83,-0.3029220692415912,4,-0.3649663484838448,kelly_low|ev_low|,0,False,0.0,0,0.0,12819.224424405907,12819.224424405907,0.0,0.0
2025-03-05,15:25:00,CATTERICK,Beny Nahar Road,1m7½f,,3.75,4.3,0.3008965005222171,2025-03-05_15:25:00,2.0,True,3.75,0.12836187695831414,4,0.046677046166659686,,0,True,59.29273799217255,0,-59.29273799217255,12819.224424405907,12819.224424405907,0.0,-1.0
2025-03-05,15:25:00,CATTERICK,Ensel Du Perche,1m7½f,1.0,4.33,4.3,0.26290075904464183,2025-03-05_15:25:00,3.0,True,4.33,0.13836028666329914,4,0.04154963563462436,,0,True,52.779510737628975,1,175.75577075630449,12819.224424405907,12819.224424405907,0.0,3.33
2025-03-05,17:00:00,CATTERICK,Presentandcounting,3m1f,3.0,1.73,1.85,0.3657002378006623,2025-03-05_17:00:00,1.0,True,1.73,-0.36733858860485424,5,-0.5032035460340469,kelly_low|ev_low|,0,False,0.0,0,0.0,12673.025032402125,12819.224424405907,146.19939200378212,0.0
2025-03-05,17:00:00,CATTERICK,Evas Oskar,3m1f,2.0,3.0,3.4,0.29160644996095547,2025-03-05_17:00:00,2.0,True,3.0,-0.12518065011713364,5,-0.06259032505856682,kelly_low|ev_low|,0,False,0.0,0,0.0,12673.025032402125,12819.224424405907,146.19939200378212,0.0
2025-03-05,17:00:00,CATTERICK,Didero Vallis,3m1f,4.0,8.5,9.36,0.21827675314977366,2025-03-05_17:00:00,3.0,True,8.5,0.8553524017730761,5,0.11404698690307682,,0,True,146.19939200378232,0,-146.19939200378232,12673.025032402125,12819.224424405907,146.19939200378212,-1.0
2025-04-23,15:00:00,CATTERICK,Belgravian,1m4f,2.0,2.25,2.42,0.28939825478179365,2025-04-23_15:00:00,1.0,True,2.25,-0.3488539267409642,6,-0.27908314139277135,kelly_low|ev_low|,0,False,0.0,0,0.0,12658.95039789288,12819.224424405907,160.2740265130269,0.0
2025-04-23,15:00:00,CATTERICK,Tralee Girl,1m4f,1.0,4.0,4.4,0.2304866601666557,2025-04-23_15:00:00,2.0,True,4.0,-0.0780533593333772,6,-0.026017786444459068,kelly_low|ev_low|,0,False,0.0,1,0.0,12658.95039789288,12819.224424405907,160.2740265130269,0.0
2025-04-23,15:00:00,CATTERICK,Not Now Nathaniel,1m4f,4.0,5.0,5.4,0.20888478289801157,2025-04-23_15:00:00,3.0,True,5.0,0.04442391449005789,6,0.011105978622514473,,0,True,14.07463450924488,0,-14.07463450924488,12658.95039789288,12819.224424405907,160.2740265130269,-1.0
2025-04-23,15:32:00,CATTERICK,Troia,7f,1.0,1.83,1.88,0.4286747259745968,2025-04-23_15:32:00,1.0,True,1.83,-0.2155252514664877,4,-0.2596689776704671,kelly_low|ev_low|,0,False,0.0,1,0.0,12658.95039789288,12819.224424405907,160.2740265130269,0.0
2025-04-23,15:32:00,CATTERICK,Magna Grecia Star,7f,2.0,2.25,2.57,0.40016296985881505,2025-04-23_15:32:00,2.0,True,2.25,-0.09963331781766616,4,-0.07970665425413292,kelly_low|ev_low|,0,False,0.0,0,0.0,12658.95039789288,12819.224424405907,160.2740265130269,0.0
2025-04-23,15:32:00,CATTERICK,Marsh Meadow,7f,3.0,15.0,15.21,0.14622325773599656,2025-04-23_15:32:00,3.0,True,15.0,1.1933488660399485,4,0.08523920471713918,odds_high|,0,False,0.0,0,0.0,12658.95039789288,12819.224424405907,160.2740265130269,0.0
2025-05-12,15:17:00,CATTERICK,Brazilian Belle,5f,3.0,2.63,2.82,0.2597446053100053,2025-05-12_15:17:00,1.0,True,2.63,-0.31687168803468607,5,-0.19439980861023687,kelly_low|ev_low|,0,False,0.0,0,0.0,12730.441744262636,12819.224424405907,88.78268014327114,0.0
2025-05-12,15:17:00,CATTERICK,Lunar Force,5f,4.0,3.75,4.28,0.22753866043606297,2025-05-12_15:17:00,2.0,True,3.75,-0.14673002336476393,5,-0.05335637213264143,kelly_low|ev_low|,0,False,0.0,0,0.0,12730.441744262636,12819.224424405907,88.78268014327114,0.0
2025-05-12,15:17:00,CATTERICK,Tees Aggregates,5f,1.0,5.0,5.6,0.21129498799231516,2025-05-12_15:17:00,3.0,True,5.0,0.05647493996157582,5,0.014118734990393955,,0,True,17.87283659243917,1,71.49134636975668,12730.441744262636,12819.224424405907,88.78268014327114,4.0
